order_id,customer_id,order_date,status,region_code
ORD_03ACB436,CUST_A2235E63,2022-05-30 16:57:34,DELIVERED,EAST
ORD_0D655AF7,CUST_00715BCA,2022-03-31 23:02:03,DELIVERED,WEST
ORD_CB8EB479,CUST_AAB35241,2025-11-21 22:45:49,PLACED,WEST
ORD_CCCF60FA,CUST_5CFFF81D,2024-12-21 04:39:07,PLACED,SOUTH
ORD_AEFBCFDB,CUST_5287AF0D,2022-07-12 18:57:51,DELIVERED,WEST
ORD_D6F6AF57,CUST_E5E14E38,2025-05-02 22:21:01,DELIVERED,WEST
ORD_E2B25425,CUST_9E546EF6,2023-06-06 12:57:47,RETURNED,EAST
ORD_AFCB7002,CUST_7557948A,2022-08-31 02:53:48,SHIPPED,CENTRAL
ORD_8708CAE7,CUST_9BBF1E61,2023-06-07 17:27:23,DELIVERED,SOUTH
ORD_8242FCB5,CUST_DB974C75,2025-06-08 21:12:53,PLACED,CENTRAL
ORD_41DE7071,CUST_13D63B19,2026-06-12 12:09:57,DELIVERED,WEST
ORD_65657F7B,CUST_53712DF0,2024-02-21 02:22:15,DELIVERED,EAST
ORD_C81B0CCD,CUST_6DAAAE3C,2022-08-08 09:53:10,SHIPPED,EAST
ORD_4343AF45,CUST_0A9A5AC6,2025-02-14 04:02:14,DELIVERED,SOUTH
ORD_75187C6C,CUST_C058D917,2025-09-04 20:05:38,PLACED,NORTH
ORD_AF4C89DC,UNKNOWN,2026-05-03 08:09:35,DELIVERED,CENTRAL
ORD_D74148B6,CUST_7437DF43,2026-05-23 09:59:57,DELIVERED,SOUTH
ORD_70712CE5,CUST_3309BC09,2023-04-16 11:11:44,DELIVERED,CENTRAL
ORD_BEDAE061,CUST_FF4D03E3,2025-09-19 00:51:27,DELIVERED,NORTH
ORD_8BD6BDD6,CUST_AB59B040,2025-03-30 23:15:04,DELIVERED,NORTH
ORD_29C4B38F,CUST_24B4BB25,2023-05-03 10:02:44,DELIVERED,WEST
ORD_4890CF82,CUST_95D66FC6,2022-09-24 08:44:47,CANCELLED,EAST
ORD_DC67EDFA,CUST_CE7CCE56,2023-04-04 06:24:27,PLACED,WEST
ORD_53A0E326,CUST_D779F286,2022-07-09 04:42:39,DELIVERED,CENTRAL
ORD_95AD603F,CUST_8463F485,2023-06-10 08:06:25,DELIVERED,SOUTH
ORD_5F76A906,CUST_40964ED8,2023-06-15 23:04:13,PLACED,SOUTH
ORD_6DFD5533,CUST_79C05F3E,2025-12-12 19:42:57,CANCELLED,WEST
ORD_51E7D2FD,CUST_01D82964,2022-05-07 23:09:24,DELIVERED,SOUTH
ORD_C485884F,UNKNOWN,2025-11-18 22:03:48,RETURNED,SOUTH
ORD_8D88F6F0,CUST_0B453CAC,2023-03-18 14:22:26,DELIVERED,CENTRAL
ORD_D3E2991E,CUST_831E0CEE,2025-07-25 10:52:10,CANCELLED,EAST
ORD_F98DD7F8,CUST_3EB57D07,2023-06-28 11:33:51,CANCELLED,NORTH
ORD_4240026B,CUST_8087F210,2025-11-05 22:50:19,DELIVERED,WEST
ORD_AB034CC3,CUST_59BF4A81,2026-06-16 16:52:08,DELIVERED,EAST
ORD_8A655DB4,CUST_F18FBBDE,2024-12-09 04:50:20,PLACED,SOUTH
ORD_BF4FA886,CUST_35982071,2023-01-27 20:23:08,CANCELLED,WEST
ORD_A30B062A,CUST_F27170F9,2024-01-17 13:05:34,RETURNED,SOUTH
ORD_37AF52E3,CUST_13C13692,2025-04-07 22:32:48,SHIPPED,EAST
ORD_6CB3505D,CUST_E7D6A752,2022-02-19 05:27:55,DELIVERED,WEST
ORD_F8138744,CUST_B49F7988,2024-10-24 14:47:55,RETURNED,EAST
ORD_916133F1,CUST_DD43968F,2022-03-22 14:11:37,DELIVERED,NORTH
ORD_AEA3087A,CUST_538F241C,2022-10-03 06:10:09,DELIVERED,CENTRAL
ORD_057297E3,CUST_31331495,2025-01-25 20:36:24,DELIVERED,EAST
ORD_5C759909,CUST_D53D8E1B,2024-11-02 19:01:08,PLACED,EAST
ORD_C2BC8CB3,CUST_44B21DAC,2025-09-03 04:11:55,DELIVERED,CENTRAL
ORD_8F494282,CUST_A73DBEEA,2026-03-03 05:01:32,DELIVERED,NORTH
ORD_974CC317,CUST_A2AEDDAE,2022-07-04 15:12:58,DELIVERED,WEST
ORD_CC4CEE4A,CUST_BFEC85E7,2024-02-16 14:41:48,DELIVERED,CENTRAL
ORD_0A139615,CUST_D9766F01,2025-04-14 21:42:54,DELIVERED,CENTRAL
ORD_CAAED50E,CUST_CE976722,2024-11-23 08:45:19,DELIVERED,NORTH
ORD_655084E4,CUST_7557948A,2022-05-30 18:17:42,DELIVERED,EAST
ORD_73F2CC8F,UNKNOWN,2024-08-29 07:45:32,DELIVERED,NORTH
ORD_93EF98D3,CUST_40964ED8,2023-01-01 03:25:23,DELIVERED,CENTRAL
ORD_F2CB38A7,CUST_EFEB5B03,2024-11-20 09:28:02,PLACED,SOUTH
ORD_83DC2C72,CUST_016C2E93,2025-08-14 02:00:30,PLACED,CENTRAL
ORD_6E979599,CUST_3F50FC7B,2024-04-30 13:40:46,RETURNED,SOUTH
ORD_457EBDF9,CUST_A1CAB7C4,2023-02-19 23:51:37,DELIVERED,NORTH
ORD_A3D6087D,CUST_FF4D03E3,2022-06-15 18:03:45,DELIVERED,EAST
ORD_15904BDF,UNKNOWN,2025-09-08 04:56:24,DELIVERED,WEST
ORD_1861D3B8,CUST_EA78BCB4,2025-11-30 13:42:24,DELIVERED,WEST
ORD_088618BE,CUST_F18FBBDE,2025-05-10 07:12:30,SHIPPED,CENTRAL
ORD_9CD5A3FE,CUST_1611A682,2022-07-12 13:06:13,DELIVERED,CENTRAL
ORD_B43A594B,CUST_40DC20B1,2024-04-13 22:26:58,DELIVERED,WEST
ORD_8F5057D4,CUST_155CBD10,2022-11-29 01:54:35,RETURNED,NORTH
ORD_D039230F,UNKNOWN,2026-01-21 19:21:52,DELIVERED,SOUTH
ORD_81462F03,CUST_4810B650,2023-05-17 00:18:49,DELIVERED,SOUTH
ORD_735A30B3,CUST_50DE347B,2026-03-10 02:00:46,DELIVERED,NORTH
ORD_9CAD544F,CUST_D34F6290,2022-08-09 21:07:45,DELIVERED,SOUTH
ORD_11655D02,CUST_2AA016AE,2022-04-28 17:30:57,DELIVERED,WEST
ORD_8BA3BC88,CUST_01D82964,2024-04-23 19:27:26,DELIVERED,SOUTH
ORD_656A18D5,CUST_36B77E0A,2024-12-29 10:03:18,RETURNED,SOUTH
ORD_376D1AB3,CUST_F0C71692,2026-04-13 04:03:18,DELIVERED,SOUTH
ORD_2E48180F,CUST_01E8C301,2023-11-14 06:10:00,DELIVERED,EAST
ORD_2F0E5065,CUST_C3573300,2022-12-15 17:33:39,DELIVERED,NORTH
ORD_87E05F23,CUST_FD650B5B,2023-10-28 17:32:43,DELIVERED,CENTRAL
ORD_5265D4B1,CUST_F72D3C9D,2024-10-01 10:49:36,DELIVERED,EAST
ORD_6A9EAEA5,CUST_836D4181,2024-07-24 11:03:16,DELIVERED,NORTH
ORD_5939598D,CUST_99116A59,2022-03-02 06:18:42,DELIVERED,CENTRAL
ORD_74B68628,CUST_9BAA8A02,2022-12-18 18:37:11,RETURNED,CENTRAL
ORD_E9BFA2A7,CUST_180B594B,2022-10-05 19:50:00,DELIVERED,CENTRAL
ORD_2379DB02,UNKNOWN,2022-08-23 06:02:06,DELIVERED,NORTH
ORD_3D505A26,CUST_C8669FBF,2024-11-16 23:14:26,SHIPPED,SOUTH
ORD_D79B7424,CUST_3F2278EE,2024-07-30 20:19:39,DELIVERED,EAST
ORD_63377EFD,CUST_4DD737CF,2024-05-16 20:23:01,DELIVERED,NORTH
ORD_821A3587,CUST_35C020DA,2024-10-18 21:05:02,CANCELLED,CENTRAL
ORD_0EB488F9,CUST_C83A6215,2025-05-27 05:44:30,PLACED,CENTRAL
ORD_7A748962,CUST_5AA4EB8D,2025-03-04 17:46:40,RETURNED,NORTH
ORD_E78D4998,CUST_2F14C002,2023-02-20 11:29:45,SHIPPED,WEST
ORD_2BA639F7,CUST_C3573300,2022-02-01 14:57:01,CANCELLED,NORTH
ORD_BCF252AF,CUST_324C8FE3,2023-12-15 00:13:01,DELIVERED,NORTH
ORD_52132FBA,CUST_78A2C7D9,2024-07-05 10:53:24,PLACED,CENTRAL
ORD_4B6C97CC,UNKNOWN,2022-08-12 05:28:00,DELIVERED,NORTH
ORD_156041ED,CUST_2EEEE2AD,2026-01-07 00:52:01,DELIVERED,SOUTH
ORD_E6F09C13,CUST_D8CF5315,2024-04-15 09:16:19,RETURNED,WEST
ORD_67B8D208,CUST_2221C10E,2026-02-01 02:30:46,DELIVERED,CENTRAL
ORD_2881AE38,CUST_2A3DBF73,2024-06-02 22:16:52,RETURNED,EAST
ORD_44BDC5E1,CUST_D34F6290,2023-02-14 09:23:52,SHIPPED,NORTH
ORD_43239F67,CUST_5BC57BF1,2024-05-29 18:11:34,DELIVERED,EAST
ORD_40613F61,CUST_21FF39F3,2025-05-19 01:33:45,DELIVERED,EAST
ORD_647E7C7D,CUST_E88D235A,2024-05-24 02:40:01,DELIVERED,CENTRAL
ORD_1A20B548,CUST_6568BB80,2023-09-30 19:45:07,DELIVERED,NORTH
ORD_85A11240,CUST_E877966F,2026-04-09 13:07:49,DELIVERED,CENTRAL
ORD_A7347AAB,CUST_DB43C7B8,2023-06-21 12:57:50,SHIPPED,CENTRAL
ORD_1915B76C,CUST_CE7CCE56,2026-06-20 05:18:11,DELIVERED,WEST
ORD_40743C52,CUST_38955FC4,2025-06-19 00:19:04,DELIVERED,WEST
ORD_C3AD0CB1,CUST_D8CF5315,2023-05-03 22:21:49,DELIVERED,EAST
ORD_26A9DC4B,CUST_1233EED5,2023-05-03 07:39:34,SHIPPED,NORTH
ORD_11693030,CUST_1E774B22,2026-05-05 13:21:07,PLACED,SOUTH
ORD_08801FF1,CUST_FF8651B5,2023-08-30 11:40:15,DELIVERED,WEST
ORD_B7A5B9C5,CUST_122F6638,2025-07-02 07:15:27,DELIVERED,CENTRAL
ORD_46592EC1,CUST_50E6EB16,2025-04-27 12:19:31,RETURNED,NORTH
ORD_7DB5EF65,CUST_17750117,2024-10-07 14:25:17,DELIVERED,EAST
ORD_5C0E313E,CUST_F3DD1AFD,2024-03-14 08:36:30,DELIVERED,SOUTH
ORD_C17890E5,CUST_34CCC522,2025-03-23 10:22:57,RETURNED,NORTH
ORD_F2A7CAA7,CUST_F29FA74E,2026-02-07 22:56:35,RETURNED,CENTRAL
ORD_4E2DD7E6,CUST_C26B98D1,2025-10-03 05:17:54,DELIVERED,EAST
ORD_F1615071,CUST_AF15871B,2022-12-13 00:49:32,DELIVERED,CENTRAL
ORD_571074DE,CUST_29F3F5EF,2022-07-09 00:26:05,CANCELLED,CENTRAL
ORD_034BAF6B,CUST_F1516BBE,2022-01-15 17:57:24,CANCELLED,NORTH
ORD_3CF1B1C4,CUST_D1106961,2026-08-04 18:34:16,CANCELLED,CENTRAL
ORD_3D8C66CD,CUST_78B1BE25,2024-03-03 00:23:43,DELIVERED,NORTH
ORD_86FA6D65,CUST_2F4B7B44,2023-05-04 10:44:06,PLACED,CENTRAL
ORD_C60B5224,CUST_EB84B5F3,2024-10-29 14:08:49,DELIVERED,EAST
ORD_3A716F8B,CUST_FCE03813,2026-03-31 16:35:52,DELIVERED,EAST
ORD_B3F1035F,CUST_FBE58FAD,2023-06-24 13:10:41,SHIPPED,EAST
ORD_BC1CBE51,CUST_78A2C7D9,2023-12-22 00:18:02,CANCELLED,WEST
ORD_874EE1EA,CUST_296886BA,2026-05-10 12:32:35,PLACED,NORTH
ORD_9A2C6A0C,CUST_C2460F44,2026-03-02 04:55:08,DELIVERED,WEST
ORD_86FF57B6,CUST_C5405009,2025-01-27 08:50:10,SHIPPED,WEST
ORD_E1CDCECA,CUST_896944DF,2024-02-12 19:33:54,CANCELLED,EAST
ORD_03EFDD1D,CUST_718EC051,2024-10-16 22:06:43,CANCELLED,CENTRAL
ORD_DA55A061,UNKNOWN,2022-09-02 00:40:16,DELIVERED,EAST
ORD_0926D318,CUST_927ED5E8,2026-07-30 15:12:43,DELIVERED,SOUTH
ORD_0B1FAA46,CUST_6EE3B608,2022-04-19 12:33:25,CANCELLED,WEST
ORD_002A8680,CUST_71D394A6,2023-05-13 04:38:30,DELIVERED,NORTH
ORD_4A4224A8,CUST_2EEEE2AD,2026-02-04 22:23:20,DELIVERED,EAST
ORD_99577DD7,UNKNOWN,2024-02-12 16:29:42,DELIVERED,SOUTH
ORD_0C1AD40E,CUST_23482743,2024-10-15 14:37:49,SHIPPED,CENTRAL
ORD_675DDA72,CUST_8D59408D,2024-09-18 03:53:03,RETURNED,EAST
ORD_7E980438,CUST_C5405009,2024-07-29 09:10:12,DELIVERED,EAST
ORD_E4BFA7A7,CUST_73341663,2025-02-19 20:18:34,CANCELLED,NORTH
ORD_DCC12043,CUST_85F2FDD8,2023-04-16 17:48:23,PLACED,SOUTH
ORD_E8CD2F49,CUST_11F12AD2,2025-10-03 14:11:26,DELIVERED,CENTRAL
ORD_28520B86,CUST_78A9BBD7,2025-02-23 05:53:26,SHIPPED,EAST
ORD_6888E345,CUST_9ED61FDF,2023-04-12 13:14:43,DELIVERED,WEST
ORD_82837CF1,CUST_7F1ECAE9,2023-01-11 02:58:19,RETURNED,NORTH
ORD_FCBBE098,CUST_D2092E88,2024-02-11 12:41:37,DELIVERED,WEST
ORD_E16B19B8,CUST_D5E92A7C,2024-06-25 02:11:19,SHIPPED,NORTH
ORD_94673E18,CUST_29B937E9,2025-08-21 07:08:50,CANCELLED,WEST
ORD_A6227AC8,CUST_C4C99A3C,2024-06-15 10:36:02,DELIVERED,SOUTH
ORD_016863EF,CUST_93F56B23,2022-08-15 13:06:23,DELIVERED,SOUTH
ORD_351A7ED4,CUST_C4221846,2026-06-07 04:33:55,SHIPPED,NORTH
ORD_613B73AC,CUST_DD43968F,2022-08-05 00:30:29,DELIVERED,CENTRAL
ORD_DF4D48DD,CUST_7437DF43,2025-11-28 04:56:07,DELIVERED,NORTH
ORD_8D43B861,CUST_E9135738,2025-03-01 00:59:50,DELIVERED,NORTH
ORD_9277632E,CUST_8087F210,2024-08-15 11:25:28,DELIVERED,EAST
ORD_1502542F,UNKNOWN,2026-04-14 14:02:46,DELIVERED,EAST
ORD_0B9C27BA,CUST_7AFAA27C,2024-07-11 04:57:57,DELIVERED,NORTH
ORD_C4C77726,CUST_E093A414,2024-12-25 03:29:23,DELIVERED,SOUTH
ORD_A21B7FD0,CUST_4810B650,2022-06-03 07:35:13,DELIVERED,EAST
ORD_ED6E9358,CUST_C23D85E9,2025-09-25 18:34:19,DELIVERED,NORTH
ORD_B2F6C3AE,CUST_6AB50F67,2022-12-15 12:27:30,PLACED,CENTRAL
ORD_0B44A89A,CUST_22B948F5,2022-06-22 14:35:36,RETURNED,CENTRAL
ORD_701BC813,CUST_E171893F,2025-01-28 12:49:34,SHIPPED,CENTRAL
ORD_E398A6D7,CUST_7F0D2F32,2026-07-23 19:45:02,DELIVERED,WEST
ORD_05CD2C01,CUST_AB59B040,2022-10-23 05:31:44,DELIVERED,CENTRAL
ORD_EA93D9DC,CUST_2AD84611,2023-07-22 03:21:25,CANCELLED,SOUTH
ORD_B70AAF4A,CUST_A4830EBB,2023-03-03 19:46:15,PLACED,CENTRAL
ORD_B160D3F8,CUST_22138598,2022-11-05 02:58:46,CANCELLED,WEST
ORD_C7DE77A7,CUST_575735F6,2023-02-22 11:40:36,DELIVERED,WEST
ORD_AD1E618B,CUST_0F4FAD66,2022-12-09 14:33:02,DELIVERED,WEST
ORD_9EB35844,CUST_EB84B5F3,2025-02-13 17:01:28,DELIVERED,CENTRAL
ORD_B1A68938,CUST_35982071,2022-10-07 06:20:28,PLACED,SOUTH
ORD_5EB0658C,CUST_05C8186C,2022-03-02 14:54:04,DELIVERED,NORTH
ORD_E63B2B68,CUST_69664227,2022-09-28 09:28:58,DELIVERED,EAST
ORD_73BF5E3E,CUST_0E7EFF2B,2025-05-24 11:45:26,SHIPPED,EAST
ORD_42398772,CUST_BB04D61D,2022-12-13 12:29:20,RETURNED,CENTRAL
ORD_D0CC45B4,CUST_A5AB57C6,2023-11-16 17:25:55,DELIVERED,EAST
ORD_26275114,CUST_F3B4FB9E,2025-09-12 18:21:02,SHIPPED,SOUTH
ORD_A1F4D287,CUST_DD43968F,2023-03-04 09:15:59,DELIVERED,NORTH
ORD_41D3B0A6,CUST_DB43C7B8,2025-09-16 20:11:39,DELIVERED,WEST
ORD_2CAFB87E,CUST_DB3FFBCC,2022-07-24 21:37:36,DELIVERED,EAST
ORD_763AFF7C,CUST_CED7B179,2024-06-08 20:06:11,DELIVERED,CENTRAL
ORD_C4D322C7,CUST_73341663,2025-03-11 12:45:21,DELIVERED,SOUTH
ORD_24D5429B,CUST_007DDC22,2024-06-01 07:37:10,DELIVERED,CENTRAL
ORD_D96DB269,CUST_5A956B6D,2023-12-20 10:19:04,DELIVERED,CENTRAL
ORD_DD6E7B62,CUST_8928FD60,2023-07-17 11:43:18,RETURNED,SOUTH
ORD_8D2A2C3C,CUST_78A2C7D9,2024-07-27 07:34:18,DELIVERED,SOUTH
ORD_75F11A7F,CUST_09DD6CFE,2025-05-27 16:42:01,DELIVERED,NORTH
ORD_D3FE9D36,CUST_C01C1018,2023-12-03 12:27:42,RETURNED,SOUTH
ORD_D8719861,CUST_625E0614,2025-03-13 03:20:22,DELIVERED,EAST
ORD_AFBCBF5F,CUST_02ADB434,2026-04-23 18:39:23,DELIVERED,WEST
ORD_FF8B52EF,CUST_FAA3849B,2024-12-25 06:38:48,PLACED,EAST
ORD_C8D61712,CUST_9D1631FD,2026-01-10 04:36:09,SHIPPED,CENTRAL
ORD_43A2A0DB,CUST_376A23F5,2022-02-09 13:28:52,CANCELLED,EAST
ORD_624ACF79,CUST_6C5497CC,2024-02-05 17:52:44,DELIVERED,SOUTH
ORD_092565BC,CUST_71D394A6,2023-05-22 21:32:59,CANCELLED,SOUTH
ORD_3EEAC326,CUST_CAF459C1,2024-02-24 20:35:38,PLACED,EAST
ORD_86E3A9A4,CUST_66433924,2023-08-13 03:14:12,DELIVERED,WEST
ORD_8FB82BBF,CUST_4FDC06D3,2024-08-31 11:00:26,DELIVERED,CENTRAL
ORD_BFD4F2E0,CUST_E933E41B,2025-03-29 01:30:21,DELIVERED,EAST
ORD_BEADE9CE,UNKNOWN,2023-02-15 05:20:29,DELIVERED,NORTH
ORD_9DB62CF5,CUST_681886CF,2026-05-08 15:14:48,DELIVERED,SOUTH
ORD_AB8A5C2E,CUST_66544B14,2026-05-11 07:23:05,DELIVERED,WEST
ORD_1BA67F70,CUST_02BB0193,2022-11-08 20:47:34,RETURNED,CENTRAL
ORD_C5CB3DCD,CUST_F096EA9D,2022-11-03 20:13:07,DELIVERED,CENTRAL
ORD_13AE8BD2,CUST_9DEE0884,2025-06-20 04:13:45,SHIPPED,NORTH
ORD_30A1E26C,CUST_A74C630D,2026-06-13 12:34:41,DELIVERED,NORTH
ORD_5C1C06E2,CUST_AED0DE3E,2026-03-24 15:38:51,CANCELLED,SOUTH
ORD_C2F3C268,CUST_40DC20B1,2025-05-16 22:30:59,CANCELLED,CENTRAL
ORD_EA211F8A,CUST_4F25E91B,2022-06-14 14:59:01,PLACED,WEST
ORD_E8C9C1F8,UNKNOWN,2023-12-08 19:56:51,DELIVERED,CENTRAL
ORD_E142A95E,CUST_31F0FC2E,2023-03-29 23:47:13,DELIVERED,NORTH
ORD_7738E505,CUST_2D6C5C5F,2025-02-12 03:46:46,CANCELLED,CENTRAL
ORD_C7AC04D7,CUST_BF00C4BB,2022-04-17 07:41:08,SHIPPED,WEST
ORD_CA4BDD4A,CUST_29C69508,2022-03-07 21:57:59,RETURNED,EAST
ORD_CBCAFF10,CUST_A0FF5B2C,2025-05-29 17:28:26,RETURNED,CENTRAL
ORD_ED5FB8E9,CUST_FAA3849B,2025-09-29 18:01:29,DELIVERED,SOUTH
ORD_6F507DCF,CUST_F8459697,2025-10-11 13:35:39,CANCELLED,EAST
ORD_B387F463,CUST_B8E90EF4,2023-10-16 16:03:16,DELIVERED,CENTRAL
ORD_6573692E,CUST_0F0D0F05,2022-07-01 23:03:30,DELIVERED,CENTRAL
ORD_F11BD646,CUST_21FF39F3,2024-08-24 11:25:13,DELIVERED,WEST
ORD_2CAD085F,CUST_BA454103,2025-09-30 20:23:08,DELIVERED,WEST
ORD_91F5E3CE,CUST_97EAC746,2023-10-19 10:02:58,RETURNED,EAST
ORD_66C7D586,CUST_29B937E9,2024-10-22 23:29:56,DELIVERED,CENTRAL
ORD_C14CA774,CUST_A0E2BE6E,2025-01-04 15:22:48,DELIVERED,WEST
ORD_9F68D94B,CUST_52E93961,2022-05-01 06:08:52,DELIVERED,NORTH
ORD_AB5EA6FC,CUST_FBE58FAD,2022-01-23 05:23:47,DELIVERED,NORTH
ORD_BC5528B8,CUST_54DADEBD,2025-06-05 22:02:57,DELIVERED,NORTH
ORD_90657DD5,CUST_AE1ACE3E,2025-02-12 03:54:40,DELIVERED,EAST
ORD_F9D68342,CUST_FD650B5B,2025-09-16 04:45:46,DELIVERED,SOUTH
ORD_0EFAAA9E,CUST_1A7A5430,2025-01-28 08:56:07,PLACED,CENTRAL
ORD_F4CC4CB0,CUST_BFEC85E7,2023-05-08 16:55:52,DELIVERED,WEST
ORD_1123F07D,CUST_17C238BB,2022-11-11 20:32:34,DELIVERED,WEST
ORD_DFA53228,UNKNOWN,2024-05-17 15:27:46,DELIVERED,CENTRAL
ORD_7B69C585,CUST_526DA0B4,2026-07-31 02:47:39,DELIVERED,CENTRAL
ORD_E7C7783D,CUST_BD44CB01,2025-09-15 01:57:59,PLACED,SOUTH
ORD_0FE50C23,CUST_A1CAB7C4,2023-03-13 09:56:03,DELIVERED,EAST
ORD_1481573E,CUST_C963B7CF,2023-04-10 20:44:01,DELIVERED,SOUTH
ORD_3B9AF3B8,CUST_AED0DE3E,2023-12-15 16:28:32,DELIVERED,NORTH
ORD_70410752,CUST_94E401E4,2025-07-12 21:07:01,DELIVERED,WEST
ORD_0CBA31A5,CUST_F1516BBE,2022-09-06 11:42:15,DELIVERED,WEST
ORD_516B689F,CUST_3A7C6E72,2024-02-26 01:21:39,CANCELLED,WEST
ORD_CBEE35AA,CUST_36B77E0A,2025-11-06 06:39:06,DELIVERED,SOUTH
ORD_65374CFE,CUST_F97AA168,2026-01-26 21:41:44,SHIPPED,CENTRAL
ORD_DDCBAC1F,CUST_324C8FE3,2022-02-15 11:18:17,DELIVERED,CENTRAL
ORD_79719B45,CUST_F8459697,2024-12-31 18:41:15,DELIVERED,CENTRAL
ORD_DF5EBE76,CUST_7437DF43,2026-05-23 16:41:10,RETURNED,SOUTH
ORD_4949E331,CUST_81AB031E,2022-01-14 11:48:46,DELIVERED,CENTRAL
ORD_6DBE1E33,CUST_F72D3C9D,2022-05-12 03:42:16,DELIVERED,NORTH
ORD_777E8EFD,CUST_B710FBAC,2023-08-06 14:10:24,DELIVERED,EAST
ORD_3DADD924,CUST_83504208,2024-05-30 22:22:16,RETURNED,SOUTH
ORD_42B7E7B2,CUST_A13B9062,2024-01-04 19:24:11,CANCELLED,SOUTH
ORD_D5EC6F4B,CUST_CAF459C1,2025-12-01 06:54:40,RETURNED,EAST
ORD_2601C675,CUST_897EEE15,2022-07-09 14:03:08,DELIVERED,WEST
ORD_98B86843,CUST_BE147627,2026-01-27 07:48:49,SHIPPED,SOUTH
ORD_04DEF4E7,CUST_501B3E1E,2022-09-13 06:44:52,PLACED,CENTRAL
ORD_E78A56A8,CUST_8F0C109D,2023-01-19 14:27:02,PLACED,WEST
ORD_CD75A5BA,CUST_9DE284A1,2024-11-29 23:11:30,DELIVERED,CENTRAL
ORD_97F7A54B,CUST_0FD1C38E,2024-02-25 08:12:37,DELIVERED,NORTH
ORD_36DF090C,CUST_5287AF0D,2026-05-19 03:55:46,DELIVERED,CENTRAL
ORD_16D279F4,CUST_3A68D96D,2023-11-11 09:46:18,CANCELLED,WEST
ORD_16308D3F,CUST_FCE03813,2026-03-27 01:11:44,DELIVERED,NORTH
ORD_4A335BE2,CUST_68D80B4A,2024-05-02 08:43:16,DELIVERED,CENTRAL
ORD_B91D72BF,CUST_C06B74A2,2025-06-06 01:34:48,PLACED,EAST
ORD_F8526C2E,CUST_B8E90EF4,2026-04-02 18:13:26,SHIPPED,SOUTH
ORD_026B31C7,UNKNOWN,2025-07-06 13:52:23,DELIVERED,WEST
ORD_4A99A721,CUST_F1516BBE,2025-01-17 08:26:30,DELIVERED,CENTRAL
ORD_45C51477,CUST_71D394A6,2025-08-17 08:53:11,RETURNED,SOUTH
ORD_D9325CB8,CUST_01ACD78F,2026-07-23 04:37:25,DELIVERED,EAST
ORD_446D7BE9,CUST_BFEC85E7,2022-08-28 15:23:20,DELIVERED,CENTRAL
ORD_2D9CCEF6,CUST_A2A305F0,2026-07-28 13:50:48,DELIVERED,NORTH
ORD_13D12954,CUST_29B937E9,2022-08-30 07:22:10,DELIVERED,SOUTH
ORD_02616B8F,CUST_F8459697,2023-07-20 18:34:38,SHIPPED,WEST
ORD_05FC94C9,UNKNOWN,2024-01-24 21:16:23,RETURNED,SOUTH
ORD_8EAFE000,CUST_278DB7DA,2023-04-12 14:35:35,DELIVERED,CENTRAL
ORD_A2F360A0,CUST_50DE347B,2024-04-21 21:25:45,PLACED,WEST
ORD_045052F0,CUST_73341663,2023-01-26 05:53:22,SHIPPED,WEST
ORD_7578596A,CUST_50731C05,2022-05-03 22:07:12,DELIVERED,WEST
ORD_D2CF3670,CUST_155CBD10,2023-02-10 10:23:31,SHIPPED,NORTH
ORD_25594FAA,CUST_0748E419,2025-09-12 10:29:19,DELIVERED,EAST
ORD_D4CD7E45,CUST_BE147627,2024-06-27 14:14:00,DELIVERED,NORTH
ORD_539A0810,CUST_8CBD6C6D,2023-12-02 15:03:59,DELIVERED,NORTH
ORD_D59CCB0C,CUST_F3CCBE9B,2026-05-05 14:34:50,SHIPPED,WEST
ORD_55D00C13,CUST_122F6638,2024-12-09 09:05:51,DELIVERED,NORTH
ORD_97E2FCE3,CUST_3F2278EE,2023-09-20 09:09:12,RETURNED,WEST
ORD_66CAC90B,CUST_3016BECA,2023-12-10 15:19:22,DELIVERED,SOUTH
ORD_384AEFDE,CUST_C01C1018,2022-09-16 06:06:21,SHIPPED,WEST
ORD_8424ED74,CUST_E5EDF3CD,2025-03-23 15:28:20,RETURNED,WEST
ORD_980041FF,CUST_11F12AD2,2023-07-16 13:46:27,PLACED,SOUTH
ORD_A6C3FA04,CUST_8F0C109D,2026-08-03 06:03:39,DELIVERED,CENTRAL
ORD_0BEECE93,CUST_6CF6FD7E,2022-03-26 14:31:03,DELIVERED,NORTH
ORD_5748BACF,CUST_5D92F6A9,2025-06-19 11:14:42,SHIPPED,WEST
ORD_BA7B6DBA,CUST_700BF9DF,2023-09-10 01:36:37,DELIVERED,SOUTH
ORD_00D8B7D6,CUST_2791E426,2022-05-29 11:32:16,DELIVERED,SOUTH
ORD_9F7E7EF4,CUST_E4F83CC3,2022-10-11 20:00:41,RETURNED,EAST
ORD_49C6CA87,CUST_8EF03893,2025-11-24 04:57:45,SHIPPED,WEST
ORD_6355908F,CUST_52E93961,2026-04-17 00:42:33,DELIVERED,EAST
ORD_6E31CE43,CUST_35C020DA,2023-07-21 05:35:41,DELIVERED,CENTRAL
ORD_64CC0C71,CUST_C384C123,2022-09-30 14:23:30,RETURNED,NORTH
ORD_57AAF7A1,CUST_635B2D5C,2025-12-17 04:05:09,CANCELLED,CENTRAL
ORD_EB4BFAFE,CUST_737EF73E,2022-01-09 14:36:12,DELIVERED,CENTRAL
ORD_69A83FA2,CUST_CD5E8AEB,2024-01-23 15:13:41,SHIPPED,SOUTH
ORD_5C2B8992,CUST_897EEE15,2023-02-23 17:45:02,CANCELLED,CENTRAL
ORD_B9CE1697,UNKNOWN,2023-05-23 12:22:17,DELIVERED,CENTRAL
ORD_85B9A87E,CUST_803ACBB7,2025-06-18 16:41:20,DELIVERED,NORTH
ORD_E49DB539,CUST_A1CAB7C4,2026-04-18 03:35:21,DELIVERED,EAST
ORD_2F4543F7,CUST_64120ADE,2025-06-12 02:14:18,DELIVERED,SOUTH
ORD_2A932B6F,CUST_58195AC0,2024-03-25 23:00:18,CANCELLED,EAST
ORD_2A48FDE9,CUST_EC87EEDE,2025-01-21 18:10:30,DELIVERED,EAST
ORD_A576F90A,CUST_F0C71692,2025-06-07 14:01:30,DELIVERED,EAST
ORD_29269E38,CUST_D1106961,2024-02-25 05:48:44,SHIPPED,CENTRAL
ORD_826532FB,CUST_E494BBA3,2026-04-20 19:53:01,DELIVERED,SOUTH
ORD_24676ACA,CUST_D65A1168,2025-03-31 01:09:12,RETURNED,NORTH
ORD_68418049,CUST_D5E92A7C,2025-06-06 13:59:14,DELIVERED,SOUTH
ORD_4D57BA35,CUST_F92FEFC9,2025-08-22 09:15:07,DELIVERED,CENTRAL
ORD_32FD3652,CUST_02CD5A2B,2026-06-26 21:57:41,SHIPPED,WEST
ORD_D3C67543,CUST_4F495026,2023-06-04 13:50:19,DELIVERED,NORTH
ORD_36F7D880,UNKNOWN,2022-11-05 06:59:09,DELIVERED,CENTRAL
ORD_9F201765,CUST_9BBF1E61,2024-02-19 17:18:39,DELIVERED,SOUTH
ORD_4A766543,CUST_5D92F6A9,2024-09-13 11:58:24,DELIVERED,EAST
ORD_49F2DC31,CUST_CED7B179,2022-04-21 07:40:26,CANCELLED,NORTH
ORD_0C814146,CUST_76266D92,2022-04-20 23:22:37,DELIVERED,WEST
ORD_C356CA39,CUST_F3CB61EF,2024-12-08 01:54:50,SHIPPED,WEST
ORD_74DB3460,CUST_5397E862,2025-11-04 08:08:21,PLACED,NORTH
ORD_52060E73,UNKNOWN,2023-01-06 04:20:23,DELIVERED,EAST
ORD_457B2A8B,CUST_83504208,2022-11-17 19:17:03,DELIVERED,CENTRAL
ORD_A8332F5A,CUST_38955FC4,2023-01-20 18:30:25,DELIVERED,CENTRAL
ORD_E85C51D9,UNKNOWN,2024-04-23 20:26:10,DELIVERED,WEST
ORD_95658DEC,CUST_F0C71692,2023-03-19 23:13:56,DELIVERED,SOUTH
ORD_EFE95A48,CUST_888831D1,2025-11-16 23:47:30,DELIVERED,SOUTH
ORD_390995F8,CUST_831E0CEE,2023-08-10 14:05:47,DELIVERED,EAST
ORD_6BC6473C,CUST_9DEE0884,2025-05-08 10:10:32,PLACED,NORTH
ORD_EE1AF37F,CUST_C26B98D1,2025-06-01 18:13:47,DELIVERED,WEST
ORD_35A506CE,CUST_635B2D5C,2026-04-15 01:14:29,DELIVERED,EAST
ORD_7AED0645,CUST_619853C2,2022-02-22 13:20:19,RETURNED,WEST
ORD_560DBC4D,CUST_14B67A0D,2025-04-06 11:53:24,RETURNED,CENTRAL
ORD_9EBBB8BC,UNKNOWN,2023-04-06 01:25:48,DELIVERED,CENTRAL
ORD_A646F14C,CUST_E87DFC4C,2024-05-27 08:55:06,DELIVERED,EAST
ORD_64A4BE8B,CUST_968AA0C9,2026-01-26 15:21:05,RETURNED,SOUTH
ORD_97B0088E,CUST_7E0F864C,2023-07-19 05:46:10,DELIVERED,CENTRAL
ORD_EB866A2D,CUST_C9946882,2023-01-18 05:22:36,DELIVERED,EAST
ORD_D5C5EDB8,CUST_EC87EEDE,2025-09-03 01:40:37,SHIPPED,EAST
ORD_F4FE9999,CUST_3016BECA,2023-01-30 12:49:18,SHIPPED,WEST
ORD_2C95856B,CUST_13E7CC0B,2022-10-02 01:54:11,RETURNED,CENTRAL
ORD_1B94C0D8,CUST_1D222E94,2024-09-29 12:30:00,DELIVERED,WEST
ORD_22472C25,CUST_E95E65E8,2022-08-22 15:31:42,DELIVERED,NORTH
ORD_05503890,CUST_81AB031E,2024-10-13 00:30:26,DELIVERED,SOUTH
ORD_7B9D827F,CUST_13CD89AC,2025-05-23 19:47:55,RETURNED,SOUTH
ORD_1C2EB3DB,CUST_45504211,2022-11-27 07:32:54,DELIVERED,WEST
ORD_3079F90F,CUST_C384C123,2024-01-25 23:38:39,DELIVERED,EAST
ORD_9D4A98DA,CUST_F3702F9F,2022-06-07 00:57:44,DELIVERED,NORTH
ORD_B6A59C0E,CUST_96FE5212,2023-09-28 06:37:48,DELIVERED,CENTRAL
ORD_ED128BBE,CUST_90AA3820,2022-12-23 22:24:16,CANCELLED,NORTH
ORD_A0A05F83,CUST_825FA3B1,2024-11-19 11:49:23,DELIVERED,NORTH
ORD_2EEA34C1,CUST_6DAAAE3C,2025-03-30 09:31:09,CANCELLED,EAST
ORD_DCF1BC30,CUST_CFC33AD5,2024-02-12 18:45:48,DELIVERED,SOUTH
ORD_81CF1339,CUST_D9766F01,2023-12-27 23:41:09,DELIVERED,WEST
ORD_0D8CA693,CUST_71D394A6,2022-05-27 23:52:32,CANCELLED,CENTRAL
ORD_E3857722,CUST_66433924,2026-01-01 20:35:09,DELIVERED,CENTRAL
ORD_24D797AF,CUST_45504211,2023-07-24 04:01:21,CANCELLED,EAST
ORD_44DF6D01,CUST_13CD89AC,2024-04-07 11:53:38,DELIVERED,WEST
ORD_3CC5DDBA,UNKNOWN,2023-08-08 11:29:48,SHIPPED,CENTRAL
ORD_083B35BB,CUST_7F1ECAE9,2022-12-12 05:10:23,RETURNED,SOUTH
ORD_2AB0DA89,CUST_575735F6,2025-05-21 04:00:51,DELIVERED,EAST
ORD_336D02D1,CUST_17C238BB,2026-01-03 15:03:52,DELIVERED,EAST
ORD_E3A1513B,CUST_736A5770,2025-01-06 00:19:39,DELIVERED,WEST
ORD_37A6A87D,CUST_17750117,2025-09-24 20:40:54,RETURNED,EAST
ORD_0317C13B,UNKNOWN,2025-06-05 01:23:11,SHIPPED,EAST
ORD_FA3FDFB8,CUST_2C181875,2022-05-21 14:47:06,DELIVERED,NORTH
ORD_51964A4D,CUST_72E8A8E1,2025-12-27 12:44:34,SHIPPED,NORTH
ORD_BE79EF54,CUST_E88D235A,2023-10-24 09:14:58,PLACED,CENTRAL
ORD_85AA7DA4,CUST_17C238BB,2022-01-24 14:45:10,PLACED,SOUTH
ORD_19EA5967,CUST_5D980E82,2023-06-29 18:32:48,DELIVERED,CENTRAL
ORD_89DF995A,CUST_E933E41B,2022-07-27 03:05:13,DELIVERED,EAST
ORD_120760B6,CUST_8DF2BD62,2025-09-26 00:58:26,DELIVERED,EAST
ORD_685DE33C,CUST_36B77E0A,2024-08-09 08:36:18,DELIVERED,WEST
ORD_072F47F5,CUST_7C25E488,2026-07-29 09:15:10,DELIVERED,NORTH
ORD_F3CC14D5,CUST_7437DF43,2024-06-28 17:22:04,DELIVERED,SOUTH
ORD_B3AC533A,CUST_9C5CE024,2026-03-19 18:25:47,DELIVERED,NORTH
ORD_1D45D28E,CUST_2D6C5C5F,2022-03-07 21:08:04,DELIVERED,WEST
ORD_4327509D,CUST_7EA379D5,2022-10-07 20:23:30,DELIVERED,CENTRAL
ORD_CB4F03DF,CUST_8F04CA95,2022-12-18 05:01:32,PLACED,EAST
ORD_8190761F,CUST_E0E0A7E3,2022-06-22 09:45:20,DELIVERED,NORTH
ORD_8F810ABF,CUST_402B1092,2024-08-13 14:35:01,PLACED,SOUTH
ORD_2B783FF3,CUST_C38CBBF6,2024-03-08 14:37:49,DELIVERED,EAST
ORD_EA23B832,CUST_625E0614,2023-10-08 21:37:50,DELIVERED,WEST
ORD_FC8448A4,CUST_736A5770,2025-04-15 03:48:48,SHIPPED,WEST
ORD_8290AC2C,CUST_E18236AB,2025-02-18 06:43:01,DELIVERED,SOUTH
ORD_D7A098FD,CUST_3A68D96D,2023-09-26 18:15:52,DELIVERED,SOUTH
ORD_ABA3B327,CUST_95857AB0,2025-03-27 04:07:01,RETURNED,CENTRAL
ORD_ECCA6AC4,CUST_F3B4FB9E,2024-08-11 14:36:36,DELIVERED,WEST
ORD_F261035E,CUST_D44E5D14,2022-07-19 13:29:15,RETURNED,NORTH
ORD_344D752A,CUST_F58A78E3,2023-09-09 23:45:24,SHIPPED,SOUTH
ORD_B8731BF7,CUST_05C8186C,2025-06-23 12:35:41,DELIVERED,SOUTH
ORD_9038ED1B,CUST_23482743,2023-09-21 16:26:03,DELIVERED,WEST
ORD_2D6E65A2,CUST_31331495,2024-12-10 16:00:33,DELIVERED,NORTH
ORD_83182F17,CUST_38955FC4,2026-02-17 11:50:58,SHIPPED,SOUTH
ORD_FFFC51B0,UNKNOWN,2023-09-17 02:36:32,DELIVERED,NORTH
ORD_A5CC1A77,CUST_78B1BE25,2022-08-13 07:41:22,DELIVERED,CENTRAL
ORD_CF5A9F45,CUST_9FE3B1FA,2025-12-14 07:01:57,DELIVERED,WEST
ORD_9D0B2012,CUST_8132AD59,2024-09-30 14:00:05,DELIVERED,SOUTH
ORD_16C5E881,UNKNOWN,2025-04-26 03:39:00,DELIVERED,CENTRAL
ORD_402E1333,CUST_4E3837CF,2023-02-25 14:40:35,DELIVERED,CENTRAL
ORD_009FA657,CUST_E18236AB,2026-06-29 14:11:29,DELIVERED,WEST
ORD_B360E59C,CUST_DE19DB95,2023-03-10 17:37:58,CANCELLED,SOUTH
ORD_888D5978,CUST_DDE65633,2023-07-06 17:43:50,DELIVERED,NORTH
ORD_958D92F1,CUST_00715BCA,2023-07-09 21:04:38,DELIVERED,WEST
ORD_2F8ACA0F,CUST_E171893F,2026-05-09 05:25:51,DELIVERED,CENTRAL
ORD_9BAD3B8E,CUST_49120DD3,2023-09-26 19:48:56,SHIPPED,NORTH
ORD_AE0BFA42,UNKNOWN,2025-09-24 00:26:20,DELIVERED,EAST
ORD_D6C1ABDC,CUST_66D2DE54,2025-08-21 01:44:26,CANCELLED,NORTH
ORD_85A43CD8,CUST_87D77D97,2024-03-10 22:53:49,DELIVERED,EAST
ORD_DF49EA1A,CUST_AB59B040,2023-12-18 01:35:07,CANCELLED,WEST
ORD_97ECFF94,CUST_635B2D5C,2023-02-17 00:10:53,DELIVERED,EAST
ORD_D002295B,CUST_40964ED8,2025-10-07 01:22:32,CANCELLED,WEST
ORD_23D15FEB,CUST_296886BA,2023-08-03 00:31:00,DELIVERED,WEST
ORD_4F20E599,CUST_75B34132,2024-02-20 10:42:26,PLACED,WEST
ORD_7CF2764F,CUST_93F56B23,2022-06-09 09:14:48,RETURNED,SOUTH
ORD_18D235E4,CUST_75B34132,2024-06-25 00:35:31,DELIVERED,EAST
ORD_9AC4D596,CUST_042ECC47,2023-07-31 11:12:24,DELIVERED,WEST
ORD_8FFB543C,CUST_836D4181,2022-08-28 08:06:58,DELIVERED,EAST
ORD_6B6D9AF9,CUST_E933E41B,2022-07-17 06:45:50,RETURNED,CENTRAL
ORD_FD78DDE5,CUST_501B3E1E,2023-10-13 19:23:59,DELIVERED,SOUTH
ORD_87C87B76,CUST_93F56B23,2023-12-18 05:50:34,DELIVERED,EAST
ORD_29D4000C,CUST_016C2E93,2025-12-15 14:53:37,RETURNED,SOUTH
ORD_5EAF8178,CUST_896944DF,2023-05-17 04:03:38,DELIVERED,CENTRAL
ORD_2AFB8BE0,UNKNOWN,2023-02-18 11:36:36,DELIVERED,SOUTH
ORD_B92D43EA,UNKNOWN,2023-10-02 06:01:40,CANCELLED,NORTH
ORD_F97D171C,CUST_6EE3B608,2022-07-11 11:52:52,DELIVERED,SOUTH
ORD_973A395A,CUST_B7721A09,2023-05-09 02:32:57,DELIVERED,NORTH
ORD_8570D571,CUST_9159E62C,2026-07-09 11:07:49,DELIVERED,NORTH
ORD_2D0CCC5D,CUST_6A0274A8,2023-10-25 09:50:48,DELIVERED,SOUTH
ORD_04A89236,CUST_3E58BC7D,2023-10-28 10:13:45,SHIPPED,SOUTH
ORD_A9573468,CUST_A2A305F0,2024-06-23 15:44:46,DELIVERED,WEST
ORD_66BED5D0,CUST_87888E90,2025-08-26 16:50:41,SHIPPED,NORTH
ORD_132CC1C9,CUST_49D1CA75,2024-10-24 19:41:58,DELIVERED,CENTRAL
ORD_6C032BE5,CUST_7F1ECAE9,2026-03-27 16:12:45,DELIVERED,CENTRAL
ORD_018BDCDF,CUST_58C2DFE0,2022-07-12 06:54:36,RETURNED,SOUTH
ORD_0A14DEB8,UNKNOWN,2024-07-31 13:11:32,DELIVERED,NORTH
ORD_97C16E2E,CUST_193B5558,2026-07-25 09:31:44,DELIVERED,SOUTH
ORD_F36D8B19,CUST_E279CA2B,2024-01-06 11:36:48,DELIVERED,WEST
ORD_069286F1,CUST_D8CF5315,2023-04-25 21:47:58,SHIPPED,NORTH
ORD_C7C9E668,CUST_F29FA74E,2022-12-07 00:00:20,DELIVERED,CENTRAL
ORD_C5987012,UNKNOWN,2022-06-08 19:59:41,DELIVERED,CENTRAL
ORD_A44209B6,CUST_2AD84611,2023-08-24 06:00:51,DELIVERED,WEST
ORD_C9AF8E80,CUST_9BABF471,2024-12-13 18:47:42,DELIVERED,WEST
ORD_41B2BBA3,CUST_57646C91,2026-05-08 10:53:32,SHIPPED,CENTRAL
ORD_3CDFBDE1,CUST_AAE87B79,2024-08-14 03:01:12,DELIVERED,NORTH
ORD_BB824289,CUST_9ED61FDF,2024-05-05 21:03:57,RETURNED,SOUTH
ORD_637158FF,CUST_4E3837CF,2023-10-07 18:32:43,DELIVERED,EAST
ORD_3E2C0DE8,CUST_FBE00BAE,2024-06-01 07:42:27,DELIVERED,EAST
ORD_8109A9B2,CUST_AAE1CAD1,2025-11-19 13:10:47,DELIVERED,WEST
ORD_FCBB6025,CUST_EE435EF8,2023-02-19 18:26:50,CANCELLED,CENTRAL
ORD_621B607D,CUST_44B21DAC,2024-01-01 03:11:41,DELIVERED,WEST
ORD_D0205A17,CUST_DBF3CEB8,2022-02-25 12:17:05,DELIVERED,SOUTH
ORD_62B76CB9,UNKNOWN,2024-06-15 15:19:15,PLACED,WEST
ORD_06BCDE39,CUST_3016BECA,2022-04-24 03:36:44,PLACED,NORTH
ORD_FB582761,CUST_9AB88CAB,2025-03-08 05:44:31,DELIVERED,EAST
ORD_12B81B39,CUST_2EEEE2AD,2026-05-04 22:36:33,DELIVERED,NORTH
ORD_EA33353F,CUST_25872D6C,2026-07-10 01:25:22,SHIPPED,EAST
ORD_46C7FB57,CUST_46631B4B,2025-07-28 14:07:43,DELIVERED,NORTH
ORD_925DCEAE,CUST_9BAA8A02,2023-11-16 06:06:25,DELIVERED,SOUTH
ORD_88667722,CUST_7EA295C0,2025-09-05 14:23:12,SHIPPED,WEST
ORD_E3D1EB35,CUST_0E7EFF2B,2023-01-22 00:47:55,CANCELLED,CENTRAL
ORD_BCF277AC,CUST_E5E14E38,2024-01-23 19:18:32,DELIVERED,NORTH
ORD_8B7035FB,CUST_CBB04995,2026-03-08 09:08:02,DELIVERED,NORTH
ORD_A0CC7557,UNKNOWN,2024-05-21 18:30:11,DELIVERED,EAST
ORD_370F66C9,CUST_7557948A,2024-05-23 02:34:06,CANCELLED,SOUTH
ORD_00369281,CUST_9159E62C,2026-05-08 06:00:23,DELIVERED,WEST
ORD_7C8841DA,CUST_3D169A7C,2025-05-19 03:53:12,CANCELLED,WEST
ORD_A3B70323,CUST_35926AEE,2022-06-02 15:46:35,DELIVERED,CENTRAL
ORD_BBB958BD,CUST_21FD7C3E,2025-02-14 05:17:36,PLACED,EAST
ORD_E5784D1C,CUST_02ADB434,2024-04-27 11:58:39,SHIPPED,EAST
ORD_3124D6EF,CUST_736A5770,2025-07-27 19:50:33,DELIVERED,NORTH
ORD_133508C8,CUST_C01C1018,2022-03-24 15:50:24,DELIVERED,NORTH
ORD_40988D0F,CUST_803D96E1,2023-12-30 06:02:07,DELIVERED,SOUTH
ORD_C9F6CBB0,CUST_02C689E2,2025-07-31 20:51:42,PLACED,SOUTH
ORD_E21574FE,CUST_13E7CC0B,2023-05-23 02:18:01,DELIVERED,CENTRAL
ORD_A07C9FA4,CUST_7F1ECAE9,2026-07-08 17:58:11,RETURNED,SOUTH
ORD_198D4CBE,CUST_1E774B22,2025-02-08 00:05:42,CANCELLED,CENTRAL
ORD_0FBE0162,CUST_E519B1E6,2022-10-02 06:25:52,DELIVERED,SOUTH
ORD_3D373034,CUST_C99C8F3D,2025-05-13 03:15:37,DELIVERED,CENTRAL
ORD_8ECD6187,CUST_3057585D,2026-03-10 07:59:39,DELIVERED,WEST
ORD_6A2F807E,CUST_5AE93024,2024-08-17 05:52:26,SHIPPED,SOUTH
ORD_BA9AF74F,CUST_4C239FC7,2024-01-10 07:56:03,RETURNED,CENTRAL
ORD_17785ED3,CUST_F18FBBDE,2024-12-07 00:17:27,CANCELLED,CENTRAL
ORD_A39E0578,CUST_4784CA3E,2022-07-13 16:05:12,DELIVERED,EAST
ORD_59D11988,CUST_B1E3C6FE,2026-06-05 02:45:24,PLACED,NORTH
ORD_C0B93A24,CUST_6568BB80,2022-03-31 10:54:24,DELIVERED,WEST
ORD_1B0BD9FC,CUST_C70B1228,2023-04-18 16:24:43,SHIPPED,NORTH
ORD_37B1DAEA,CUST_45ED5B09,2023-09-05 14:11:31,DELIVERED,NORTH
ORD_50F73C93,CUST_E53794C4,2023-04-05 05:23:05,DELIVERED,EAST
ORD_E94421D5,CUST_68EA0044,2024-08-21 18:02:09,DELIVERED,NORTH
ORD_71EC9C35,CUST_1A7A5430,2025-07-25 12:21:49,DELIVERED,EAST
ORD_7AB3A15C,CUST_C2F22C61,2023-10-29 00:20:47,DELIVERED,SOUTH
ORD_F24BC3BF,CUST_0E7EFF2B,2024-12-23 00:26:23,PLACED,WEST
ORD_7ABD8556,CUST_C759811F,2024-10-17 10:06:20,DELIVERED,SOUTH
ORD_27218E5A,CUST_9FE3B1FA,2026-01-13 03:41:59,DELIVERED,SOUTH
ORD_5AFC5CE7,CUST_CE7CCE56,2022-09-22 12:46:54,DELIVERED,NORTH
ORD_FAC5D1C7,CUST_700BF9DF,2024-04-15 00:19:58,DELIVERED,NORTH
ORD_79561FF7,CUST_23482743,2022-06-21 17:53:28,RETURNED,CENTRAL
ORD_AC695525,CUST_5CFFF81D,2024-11-29 16:14:43,CANCELLED,EAST
ORD_FC61E8EB,UNKNOWN,2023-01-17 15:41:12,DELIVERED,WEST
ORD_8CD3E168,CUST_A8EE2F0A,2025-01-03 14:16:32,DELIVERED,WEST
ORD_C3237025,CUST_700BF9DF,2022-04-16 19:24:26,DELIVERED,EAST
ORD_3202323B,CUST_DC7B6D6E,2025-10-03 18:26:18,DELIVERED,SOUTH
ORD_DE04435C,CUST_F3702F9F,2025-04-09 03:20:14,DELIVERED,NORTH
ORD_F49F40B0,CUST_649BDDB3,2026-06-20 00:18:40,DELIVERED,NORTH
ORD_4A7C8723,CUST_BEC6DA59,2023-02-17 22:01:11,RETURNED,CENTRAL
ORD_7B4E72FB,CUST_BB975889,2024-03-26 14:54:03,DELIVERED,CENTRAL
ORD_606D06B4,CUST_3FA73188,2023-05-12 14:05:39,DELIVERED,CENTRAL
ORD_014E4C44,CUST_3A0FEA84,2024-07-17 20:48:41,DELIVERED,SOUTH
ORD_B5961358,CUST_B4CAEC74,2025-11-29 19:44:16,DELIVERED,EAST
ORD_C466EAA6,CUST_979EF289,2023-12-08 02:38:49,DELIVERED,WEST
ORD_694E1FBF,CUST_23482743,2025-03-25 19:18:57,DELIVERED,EAST
ORD_C4A7442D,CUST_FBE58FAD,2024-10-08 13:29:04,PLACED,CENTRAL
ORD_BB140161,CUST_71D394A6,2022-08-09 21:17:59,DELIVERED,NORTH
ORD_2AFE9598,CUST_02ADB434,2025-11-07 15:26:16,DELIVERED,EAST
ORD_966F2E40,CUST_78B1BE25,2024-05-12 05:56:37,PLACED,SOUTH
ORD_F8366B6B,CUST_5CE53D4D,2022-07-02 15:26:03,DELIVERED,SOUTH
ORD_02A59CB9,CUST_79C05F3E,2023-12-25 23:04:47,DELIVERED,SOUTH
ORD_2F0D3E08,CUST_BF00C4BB,2022-03-09 09:24:45,DELIVERED,WEST
ORD_EC5CEE40,CUST_2EF311CD,2023-08-02 17:37:11,DELIVERED,EAST
ORD_A41002B0,CUST_6B2C5AE4,2025-03-08 23:16:33,DELIVERED,NORTH
ORD_0DC7A0D7,UNKNOWN,2026-02-04 18:09:35,PLACED,CENTRAL
ORD_26192521,CUST_1E774B22,2024-04-26 01:01:31,CANCELLED,EAST
ORD_0F8B91D1,CUST_324C8FE3,2025-04-07 20:07:29,CANCELLED,SOUTH
ORD_407258D6,CUST_AFDCEDC5,2023-09-08 09:42:17,SHIPPED,SOUTH
ORD_E7183415,CUST_DDE65633,2024-02-20 19:13:37,PLACED,SOUTH
ORD_12ABBC91,CUST_1772ABC4,2025-12-14 20:25:09,DELIVERED,SOUTH
ORD_4C870C77,CUST_4E490760,2023-07-29 09:49:32,DELIVERED,NORTH
ORD_C0D90FDF,CUST_BEC6DA59,2023-11-22 16:59:42,SHIPPED,EAST
ORD_126E87F6,UNKNOWN,2026-01-21 18:04:15,PLACED,SOUTH
ORD_CD348C3F,CUST_AB959D21,2024-05-19 20:13:41,DELIVERED,NORTH
ORD_9638DB76,CUST_736A5770,2025-11-21 22:30:54,PLACED,WEST
ORD_DF3EAE9E,CUST_DA95DD37,2023-12-29 02:40:59,RETURNED,CENTRAL
ORD_FFA1B80F,CUST_7EA379D5,2023-12-10 09:48:38,PLACED,NORTH
ORD_97B8750A,CUST_BEC6DA59,2025-10-25 23:12:55,PLACED,EAST
ORD_2869C263,CUST_26E33EB6,2025-04-13 21:50:20,DELIVERED,EAST
ORD_2EAE3F77,CUST_DD43968F,2025-08-26 03:21:05,DELIVERED,NORTH
ORD_5A42BCA4,CUST_4F25E91B,2024-10-23 07:27:40,DELIVERED,SOUTH
ORD_550A009E,CUST_180B594B,2025-04-25 06:02:09,PLACED,NORTH
ORD_3AF42F24,CUST_E2DC1258,2024-11-08 13:18:32,PLACED,CENTRAL
ORD_C122282F,CUST_AB41F9F8,2022-10-19 04:00:22,PLACED,NORTH
ORD_66D50B96,CUST_2C181875,2023-09-22 15:12:33,DELIVERED,EAST
ORD_9D853B6E,CUST_D1D27CA8,2025-08-13 12:09:39,DELIVERED,SOUTH
ORD_CA5E3336,CUST_E0E0A7E3,2022-08-18 04:20:59,DELIVERED,EAST
ORD_08E932F8,CUST_042ECC47,2022-12-12 12:48:50,DELIVERED,SOUTH
ORD_25BA0E48,CUST_31EB6943,2026-04-03 11:09:41,CANCELLED,EAST
ORD_CF8146D5,CUST_7DE0924D,2023-02-06 01:57:14,DELIVERED,WEST
ORD_81ABD008,CUST_EE435EF8,2025-12-31 16:39:06,DELIVERED,EAST
ORD_3EB39B25,CUST_02CD5A2B,2024-08-25 00:07:28,PLACED,SOUTH
ORD_46DD6486,CUST_D5E92A7C,2023-05-23 10:30:47,PLACED,WEST
ORD_48051218,CUST_66D2DE54,2024-02-10 10:54:43,DELIVERED,NORTH
ORD_D8702DE1,CUST_8F0C109D,2025-03-26 17:35:26,DELIVERED,CENTRAL
ORD_34AABBE4,CUST_17750117,2025-11-26 15:45:01,SHIPPED,NORTH
ORD_4455739C,CUST_5A0C7428,2025-08-27 23:42:03,DELIVERED,NORTH
ORD_4CE9C491,CUST_6007BEEF,2025-01-23 10:58:15,DELIVERED,NORTH
ORD_3AA9ABE8,CUST_2EEEE2AD,2025-01-19 22:04:22,DELIVERED,CENTRAL
ORD_7EDA11EF,CUST_BEC6DA59,2022-01-14 19:32:22,PLACED,SOUTH
ORD_389C0DBE,CUST_296886BA,2023-03-28 05:14:08,DELIVERED,CENTRAL
ORD_C7269E68,CUST_7AFAA27C,2022-11-14 16:51:26,DELIVERED,WEST
ORD_B1F08390,CUST_C8669FBF,2025-05-07 16:32:30,DELIVERED,CENTRAL
ORD_19DAB0F5,CUST_A0E2BE6E,2024-12-02 00:18:11,DELIVERED,EAST
ORD_9FA5E6EB,CUST_627B3FCD,2023-12-28 09:44:55,DELIVERED,EAST
ORD_9BD60C6C,CUST_BAEF80A2,2023-01-11 05:10:37,SHIPPED,WEST
ORD_C46F96DF,CUST_99116A59,2024-07-03 21:02:09,DELIVERED,WEST
ORD_D2A573BE,CUST_C01C1018,2025-04-28 05:44:56,DELIVERED,EAST
ORD_5D517851,CUST_26BA33CC,2024-02-19 02:48:51,DELIVERED,SOUTH
ORD_DDFE3694,CUST_C99C8F3D,2024-09-07 15:04:17,SHIPPED,EAST
ORD_DA676FEE,CUST_0A9A5AC6,2023-09-15 23:15:33,DELIVERED,EAST
ORD_8935C84B,CUST_26E33EB6,2024-04-07 07:45:53,DELIVERED,CENTRAL
ORD_408B3C78,CUST_4F94D630,2024-03-13 21:28:46,DELIVERED,NORTH
ORD_9986BD71,CUST_0C5DEB1C,2023-07-30 22:23:19,DELIVERED,EAST
ORD_5FCB8735,CUST_75B34132,2024-10-25 07:23:42,SHIPPED,NORTH
ORD_15C69323,CUST_2EF311CD,2024-01-28 08:15:15,DELIVERED,NORTH
ORD_8DFBB9A6,CUST_007DDC22,2025-03-15 11:05:26,CANCELLED,EAST
ORD_45927956,UNKNOWN,2022-06-05 01:02:34,DELIVERED,CENTRAL
ORD_DF1E1F77,CUST_890E8EE9,2025-04-19 01:36:30,DELIVERED,EAST
ORD_6C84614B,CUST_3A7C6E72,2026-07-01 21:55:13,CANCELLED,WEST
ORD_DA2773CA,CUST_AB41F9F8,2024-05-17 23:03:32,DELIVERED,SOUTH
ORD_D3A6EDE3,CUST_FAA3849B,2023-11-07 13:59:09,DELIVERED,WEST
ORD_99D8A896,CUST_538F241C,2023-01-05 02:07:38,SHIPPED,NORTH
ORD_27A62278,CUST_E78E8031,2026-02-23 17:46:18,DELIVERED,CENTRAL
ORD_E32BF73E,CUST_6B5CC61F,2025-06-11 11:29:00,DELIVERED,SOUTH
ORD_C8E1D45F,CUST_831E0CEE,2024-04-01 05:37:37,DELIVERED,NORTH
ORD_526D3685,CUST_A13B9062,2022-02-11 08:44:14,SHIPPED,SOUTH
ORD_335A4A45,CUST_C21EB853,2025-09-05 13:51:49,CANCELLED,NORTH
ORD_BE457790,CUST_01ACD78F,2022-05-02 20:45:02,DELIVERED,CENTRAL
ORD_9F778EF9,CUST_40E540A5,2023-05-26 06:47:57,DELIVERED,CENTRAL
ORD_1E52B126,CUST_F3DD1AFD,2024-03-20 04:03:05,DELIVERED,NORTH
ORD_6CC3A8C2,CUST_BB34B9CD,2022-04-12 12:19:33,DELIVERED,EAST
ORD_AF92FBA3,CUST_122F6638,2024-09-26 08:46:56,SHIPPED,NORTH
ORD_1C8B0E1E,CUST_E5E14E38,2024-10-20 12:49:57,SHIPPED,SOUTH
ORD_8DEE8D2D,CUST_93F56B23,2024-06-10 23:41:47,SHIPPED,EAST
ORD_D77B4206,CUST_675894B0,2025-07-31 10:48:25,DELIVERED,CENTRAL
ORD_E4607679,CUST_BB04D61D,2023-11-25 11:26:31,CANCELLED,NORTH
ORD_0FA28F3B,CUST_E4F83CC3,2025-04-23 17:25:27,CANCELLED,NORTH
ORD_B3EDA656,CUST_7D0A2FA7,2022-07-22 23:18:24,RETURNED,EAST
ORD_2217E39D,CUST_0BDEE3D9,2023-12-20 02:03:03,PLACED,WEST
ORD_FFF3CE57,CUST_8C68A669,2022-03-14 05:05:19,DELIVERED,CENTRAL
ORD_E869E3DD,CUST_FB457CFF,2025-11-18 05:24:29,DELIVERED,SOUTH
ORD_57D97DC9,CUST_5AD58DED,2026-04-27 03:03:16,CANCELLED,WEST
ORD_011EF398,CUST_0748E419,2023-04-10 22:45:35,CANCELLED,WEST
ORD_C9277E0F,CUST_AB59B040,2024-08-28 21:18:10,DELIVERED,WEST
ORD_47EA4349,CUST_94E401E4,2025-01-13 00:58:22,CANCELLED,SOUTH
ORD_70018BB8,CUST_E7D6A752,2025-11-11 14:10:29,RETURNED,WEST
ORD_D4F41442,CUST_078D4956,2022-11-01 10:03:40,SHIPPED,NORTH
ORD_7D9DD665,CUST_B7721A09,2025-12-24 07:53:40,SHIPPED,WEST
ORD_5C4B51BB,CUST_D247A0D1,2026-01-16 14:51:49,DELIVERED,SOUTH
ORD_DEC9C07C,CUST_F096EA9D,2024-07-18 00:24:02,DELIVERED,WEST
ORD_7DCB0F49,CUST_3356E769,2024-08-13 05:06:39,DELIVERED,CENTRAL
ORD_F4990F0A,CUST_F6F66A2B,2024-07-01 18:36:18,DELIVERED,SOUTH
ORD_A0D35C24,CUST_F0C71692,2022-07-02 16:17:59,PLACED,SOUTH
ORD_84A78AB4,CUST_9C50D529,2025-12-28 02:08:19,DELIVERED,CENTRAL
ORD_4B134E9E,CUST_8C17C337,2025-12-07 01:40:35,DELIVERED,EAST
ORD_831EF147,CUST_0F11B50B,2026-06-10 01:28:24,SHIPPED,WEST
ORD_CB14BAAE,CUST_385ADEB4,2026-01-28 18:21:31,CANCELLED,WEST
ORD_B2B6A5A9,CUST_2F14C002,2026-06-19 12:59:52,DELIVERED,EAST
ORD_6842DF8C,CUST_EF5AFB4C,2022-08-30 10:02:01,PLACED,SOUTH
ORD_78FC981C,CUST_7EA379D5,2022-06-21 15:31:52,RETURNED,CENTRAL
ORD_64FDB375,CUST_E519B1E6,2024-02-01 20:23:58,SHIPPED,CENTRAL
ORD_60A8B0C4,CUST_9C3DE1DB,2024-01-28 23:49:53,RETURNED,EAST
ORD_179A01BB,CUST_6A12FCE1,2024-03-30 06:58:51,DELIVERED,SOUTH
ORD_F4476D7E,CUST_87A4843A,2022-05-22 10:59:19,DELIVERED,SOUTH
ORD_A79E5EFE,CUST_6F9DC9DC,2022-11-21 11:22:03,DELIVERED,CENTRAL
ORD_96B5B45B,CUST_803ACBB7,2022-07-06 06:55:47,SHIPPED,NORTH
ORD_F9BF08B6,CUST_C2BB9AB6,2022-11-30 00:56:20,DELIVERED,CENTRAL
ORD_E1473EB8,CUST_04272FC3,2025-06-24 04:23:58,DELIVERED,EAST
ORD_298C4C03,CUST_29F3F5EF,2024-06-10 11:56:45,DELIVERED,EAST
ORD_CBCCDB6B,CUST_F71DE2C9,2026-03-11 17:32:17,DELIVERED,CENTRAL
ORD_9758742C,CUST_04272FC3,2024-10-29 07:37:52,SHIPPED,CENTRAL
ORD_39172A8A,CUST_007DDC22,2024-04-20 08:22:09,DELIVERED,CENTRAL
ORD_A9BBB46A,CUST_F92FEFC9,2022-08-30 16:57:12,DELIVERED,WEST
ORD_3B97764C,CUST_37D401A9,2023-01-08 22:40:35,DELIVERED,NORTH
ORD_A133F4A5,CUST_F7AB80BE,2026-02-13 08:06:02,DELIVERED,CENTRAL
ORD_CE53582D,CUST_A4830EBB,2024-10-16 22:22:31,PLACED,EAST
ORD_AEF709C6,CUST_385ADEB4,2023-12-10 06:17:22,DELIVERED,CENTRAL
ORD_0C0BEC5B,CUST_E279CA2B,2022-06-29 00:44:21,DELIVERED,NORTH
ORD_056C05CE,CUST_E88D235A,2025-08-12 23:56:16,SHIPPED,SOUTH
ORD_C8772A1C,CUST_BE147627,2024-01-20 20:28:40,DELIVERED,WEST
ORD_FB153339,CUST_36636C47,2023-11-13 20:50:11,DELIVERED,CENTRAL
ORD_D71AA6B8,CUST_1C3163CA,2022-04-17 00:35:49,DELIVERED,SOUTH
ORD_DDCFB506,CUST_25872D6C,2023-12-06 11:32:04,DELIVERED,EAST
ORD_8E70C680,CUST_376A23F5,2026-04-13 11:54:17,SHIPPED,EAST
ORD_0B1AE9F6,CUST_C3573300,2026-05-09 11:13:17,DELIVERED,SOUTH
ORD_E6933642,CUST_AED0DE3E,2025-02-02 21:26:10,DELIVERED,EAST
ORD_122683F5,CUST_707EB30C,2023-03-22 09:36:32,SHIPPED,SOUTH
ORD_C1E98B2C,CUST_52E93961,2023-03-27 14:22:10,DELIVERED,SOUTH
ORD_81D568EF,CUST_99116A59,2024-06-29 22:22:37,RETURNED,SOUTH
ORD_1592FEB4,CUST_21782CED,2024-01-31 00:47:28,RETURNED,CENTRAL
ORD_1FFB2A1A,CUST_3309BC09,2026-04-02 06:45:10,DELIVERED,EAST
ORD_D01483C7,CUST_F11E8723,2022-06-15 10:03:26,DELIVERED,CENTRAL
ORD_0943A32C,CUST_CB38E718,2026-02-12 06:41:24,DELIVERED,WEST
ORD_D80EFC0E,CUST_29C69508,2025-07-08 20:52:26,SHIPPED,NORTH
ORD_A7DEC585,CUST_4F44CD2D,2023-01-07 12:01:20,DELIVERED,NORTH
ORD_70E36D7E,CUST_C38CBBF6,2023-01-23 11:40:17,DELIVERED,EAST
ORD_628543B5,CUST_CED7B179,2026-01-24 08:39:26,DELIVERED,CENTRAL
ORD_9533EC64,CUST_831E0CEE,2023-09-03 20:21:00,RETURNED,EAST
ORD_E972B299,CUST_649BDDB3,2024-10-26 00:18:12,DELIVERED,NORTH
ORD_5D9B3360,CUST_6BDE2AE8,2026-02-22 00:21:54,RETURNED,SOUTH
ORD_C1CF2AC9,CUST_21FD7C3E,2025-01-31 14:19:09,RETURNED,NORTH
ORD_590B6716,CUST_F3CB61EF,2022-02-01 22:33:01,RETURNED,NORTH
ORD_08627E1F,CUST_0BDEE3D9,2025-08-16 06:25:38,DELIVERED,EAST
ORD_99780662,CUST_15DFECB5,2023-08-24 06:43:00,PLACED,WEST
ORD_D43B65FC,CUST_B41C4A7D,2024-01-17 19:29:22,DELIVERED,CENTRAL
ORD_4A807875,CUST_276CF722,2022-09-25 21:04:50,DELIVERED,SOUTH
ORD_9D65CAEC,CUST_34EB8B42,2023-07-28 04:40:33,CANCELLED,SOUTH
ORD_84F28A33,CUST_9C3DE1DB,2023-07-15 05:22:49,DELIVERED,NORTH
ORD_2B1310F3,CUST_5287AF0D,2026-02-14 08:48:41,DELIVERED,SOUTH
ORD_A0B2DACF,CUST_9B45BD3F,2024-08-08 09:49:48,DELIVERED,SOUTH
ORD_041F9F12,CUST_CD5E8AEB,2024-06-29 08:52:35,DELIVERED,NORTH
ORD_37FC179C,CUST_0EE32112,2025-07-17 07:52:07,DELIVERED,SOUTH
ORD_25330982,CUST_961416E7,2023-07-27 22:25:21,PLACED,SOUTH
ORD_5E7CCFE0,CUST_3A7C6E72,2025-03-07 23:25:16,CANCELLED,CENTRAL
ORD_E8AA4FA8,CUST_D8AF6EAE,2024-11-23 12:25:44,DELIVERED,NORTH
ORD_38444CB9,CUST_5AB87342,2022-03-05 14:54:29,DELIVERED,EAST
ORD_A529516A,CUST_9514BC75,2024-01-01 23:24:58,DELIVERED,CENTRAL
ORD_9CF1E4BD,CUST_DD43968F,2026-02-28 13:01:30,DELIVERED,NORTH
ORD_76F6F8B3,CUST_9AC738A3,2025-04-13 06:08:54,DELIVERED,WEST
ORD_B8818251,CUST_9BAA8A02,2026-05-06 10:02:38,RETURNED,EAST
ORD_A16CE0FE,CUST_F71DE2C9,2023-02-03 23:53:58,DELIVERED,EAST
ORD_2FAAF067,CUST_E91B9ACB,2022-11-17 01:26:31,DELIVERED,SOUTH
ORD_63C8CA91,CUST_D2092E88,2023-12-07 21:22:16,DELIVERED,SOUTH
ORD_6CC657B2,CUST_59B5F65E,2024-09-10 18:16:58,DELIVERED,CENTRAL
ORD_B230D7DF,CUST_BA08582C,2022-05-26 19:23:16,DELIVERED,WEST
ORD_52B8ADEE,CUST_3EB57D07,2026-06-23 00:34:28,DELIVERED,CENTRAL
ORD_9C462185,CUST_042ECC47,2023-09-26 21:00:18,DELIVERED,NORTH
ORD_1CDF36B7,CUST_04272FC3,2025-11-15 08:13:20,DELIVERED,NORTH
ORD_987C78B3,CUST_6A12FCE1,2022-11-15 15:06:30,RETURNED,NORTH
ORD_1D89E572,CUST_F97AA168,2025-06-27 06:51:56,DELIVERED,NORTH
ORD_2009B1A8,CUST_6CF6FD7E,2023-12-24 10:53:13,DELIVERED,WEST
ORD_7E618D3D,CUST_50416614,2023-10-02 08:53:55,DELIVERED,CENTRAL
ORD_DE16C0C2,CUST_3F2278EE,2024-03-03 20:07:43,PLACED,EAST
ORD_E9A420D8,CUST_95857AB0,2023-01-15 15:42:01,DELIVERED,NORTH
ORD_57B59A76,CUST_F11E8723,2025-04-28 00:48:00,DELIVERED,EAST
ORD_FCC6FC5F,CUST_191F0E9F,2025-08-16 02:58:31,DELIVERED,EAST
ORD_DDF3B4EF,CUST_968AA0C9,2023-12-03 23:43:25,DELIVERED,SOUTH
ORD_72CEA8E9,UNKNOWN,2023-06-24 03:08:55,DELIVERED,WEST
ORD_4E0AADAC,CUST_AE1ACE3E,2026-06-29 11:55:06,DELIVERED,WEST
ORD_AB027D79,CUST_A2A305F0,2025-01-12 19:37:12,DELIVERED,EAST
ORD_0AB5CAFC,CUST_9B33FF06,2023-12-02 07:52:26,CANCELLED,EAST
ORD_F766C35F,CUST_DE2B30F1,2024-10-08 09:16:57,DELIVERED,WEST
ORD_3298FA0E,CUST_F880D4AA,2026-05-01 07:26:28,DELIVERED,CENTRAL
ORD_FF675778,CUST_9DEE0884,2024-06-16 16:39:08,CANCELLED,WEST
ORD_8AB7FB2B,CUST_122F6638,2022-06-23 08:35:20,PLACED,NORTH
ORD_2BE617FB,CUST_CD5E8AEB,2022-11-03 04:04:04,DELIVERED,EAST
ORD_887DFB88,CUST_2151CD76,2022-05-10 23:18:53,SHIPPED,CENTRAL
ORD_1F29FA6F,CUST_7ACE0DBA,2023-01-17 15:37:28,PLACED,SOUTH
ORD_123D4914,CUST_1B0034FA,2023-08-24 11:54:13,PLACED,WEST
ORD_EEACF324,CUST_A9EA9F51,2023-10-28 05:51:29,CANCELLED,NORTH
ORD_C4595AE8,CUST_4FDC06D3,2022-08-01 21:05:14,RETURNED,EAST
ORD_CF9BD499,CUST_F3DD1AFD,2024-01-31 23:48:46,PLACED,EAST
ORD_0A04515A,CUST_4FDC06D3,2024-05-24 13:13:41,DELIVERED,CENTRAL
ORD_C9FD700C,CUST_D9766F01,2025-10-13 12:47:04,PLACED,WEST
ORD_99310B06,CUST_E18236AB,2022-10-20 23:06:06,SHIPPED,NORTH
ORD_AFFAC24D,CUST_806B8A9F,2022-01-22 10:12:27,DELIVERED,EAST
ORD_44780AA2,CUST_9BBF1E61,2026-06-14 10:46:37,RETURNED,NORTH
ORD_958C9F58,CUST_C3573300,2022-12-16 10:23:56,DELIVERED,NORTH
ORD_FB3CCF57,CUST_8F04CA95,2023-07-05 03:33:45,SHIPPED,SOUTH
ORD_C1467BCC,CUST_E4F83CC3,2025-07-08 08:54:05,CANCELLED,SOUTH
ORD_3B65F444,CUST_7AD06CE8,2024-10-21 00:55:20,PLACED,NORTH
ORD_5A52EA32,CUST_E08A2AAB,2025-06-08 15:37:25,DELIVERED,CENTRAL
ORD_A73EE902,UNKNOWN,2023-03-21 09:42:56,DELIVERED,SOUTH
ORD_D9E2BA4B,CUST_0F11B50B,2025-05-03 11:54:47,SHIPPED,EAST
ORD_26B29C96,CUST_DA95DD37,2023-02-23 01:23:41,DELIVERED,CENTRAL
ORD_D27F1B1B,CUST_E877966F,2023-04-26 17:01:12,DELIVERED,NORTH
ORD_B6E6F5C0,CUST_87A4843A,2023-09-18 20:41:59,DELIVERED,CENTRAL
ORD_5691FCFA,CUST_D6A4FC17,2025-04-05 19:56:58,DELIVERED,WEST
ORD_692AEA3B,CUST_D247A0D1,2022-11-08 15:36:10,RETURNED,SOUTH
ORD_D3223831,CUST_DC2226D9,2025-05-02 17:40:34,PLACED,SOUTH
ORD_3AE5D7B4,CUST_F29FA74E,2023-04-27 12:28:43,DELIVERED,EAST
ORD_84999017,CUST_C06B74A2,2023-01-28 12:00:33,CANCELLED,EAST
ORD_F2DED74A,CUST_DB974C75,2022-08-08 19:21:27,DELIVERED,CENTRAL
ORD_8C120439,CUST_83504208,2022-10-17 00:03:49,RETURNED,WEST
ORD_C1076266,CUST_8B12BE00,2022-07-24 07:32:34,SHIPPED,SOUTH
ORD_31FC7E59,CUST_376A23F5,2025-12-10 20:25:55,DELIVERED,NORTH
ORD_4E600310,UNKNOWN,2024-05-18 07:47:08,DELIVERED,SOUTH
ORD_1BB170AA,UNKNOWN,2022-07-02 05:09:44,DELIVERED,CENTRAL
ORD_7A7D9AF2,CUST_C21EB853,2025-05-03 20:16:44,CANCELLED,SOUTH
ORD_CF94B6B3,CUST_276CF722,2026-07-27 18:56:19,SHIPPED,CENTRAL
ORD_DB5E1629,CUST_90AA3820,2025-11-09 23:03:51,CANCELLED,WEST
ORD_C0257D53,CUST_E88D235A,2023-03-05 10:41:35,SHIPPED,WEST
ORD_E6F0C3AF,CUST_C759811F,2025-11-08 03:36:20,DELIVERED,EAST
ORD_129D478D,CUST_E38C773D,2023-08-18 11:18:46,DELIVERED,CENTRAL
ORD_2CAED911,CUST_E357F7BF,2026-05-21 21:23:35,DELIVERED,EAST
ORD_98DA94CD,CUST_CED7B179,2026-04-13 10:55:49,PLACED,CENTRAL
ORD_E4353184,CUST_E933E41B,2022-05-17 00:04:04,RETURNED,WEST
ORD_3E133940,CUST_526DA0B4,2023-01-14 21:51:06,SHIPPED,EAST
ORD_BE1535F5,CUST_6B2C5AE4,2022-09-20 07:22:52,DELIVERED,EAST
ORD_E083A1A8,CUST_04272FC3,2023-08-26 15:43:47,DELIVERED,SOUTH
ORD_1A111C0E,CUST_34CCC522,2023-05-10 10:11:45,SHIPPED,SOUTH
ORD_F6E5BB9C,CUST_AAB35241,2025-11-09 17:43:58,SHIPPED,WEST
ORD_AD6A5F66,CUST_681886CF,2024-06-21 13:27:14,DELIVERED,CENTRAL
ORD_7DAD19E4,CUST_13CD89AC,2024-02-26 19:48:57,PLACED,NORTH
ORD_80118D79,CUST_2151CD76,2025-04-03 15:49:12,DELIVERED,WEST
ORD_88DE9888,CUST_87888E90,2023-04-21 12:46:51,CANCELLED,EAST
ORD_BC0EF4C3,CUST_58F892A4,2024-01-06 12:41:58,PLACED,SOUTH
ORD_1778887A,CUST_8928FD60,2023-07-14 17:08:37,DELIVERED,SOUTH
ORD_1A7635AB,CUST_72E8A8E1,2026-06-03 21:50:19,DELIVERED,WEST
ORD_C8AE146A,CUST_675894B0,2022-02-11 03:31:10,SHIPPED,WEST
ORD_1BD74F83,CUST_F3DD1AFD,2026-05-07 11:39:51,CANCELLED,NORTH
ORD_503C13AE,CUST_17750117,2022-11-22 05:04:33,DELIVERED,CENTRAL
ORD_C27FF443,CUST_58195AC0,2023-06-19 07:26:50,PLACED,SOUTH
ORD_08AB7190,CUST_8BF30EEA,2022-06-17 23:35:12,CANCELLED,NORTH
ORD_DBF49317,CUST_83A9CCA1,2022-04-09 05:39:35,DELIVERED,CENTRAL
ORD_8356639E,CUST_9FE3B1FA,2024-08-05 17:50:56,PLACED,NORTH
ORD_BB204870,CUST_DB43C7B8,2024-12-31 04:53:28,DELIVERED,WEST
ORD_D52392FF,CUST_503CF1CE,2025-05-25 17:00:29,DELIVERED,CENTRAL
ORD_D4D3DDE0,CUST_33AB4A22,2026-02-21 06:05:22,DELIVERED,WEST
ORD_F6FC7C34,CUST_6F9DC9DC,2026-01-05 22:08:53,DELIVERED,SOUTH
ORD_A7CFA450,CUST_11F12AD2,2024-12-11 11:43:07,DELIVERED,CENTRAL
ORD_A9A636E5,CUST_3EC0E3A5,2022-07-14 04:31:08,CANCELLED,EAST
ORD_547A24E6,CUST_9DE284A1,2022-10-13 09:36:47,DELIVERED,CENTRAL
ORD_C4CEA668,CUST_1E774B22,2024-03-10 06:59:23,DELIVERED,WEST
ORD_8E2D2DA2,CUST_E279CA2B,2023-07-13 12:02:28,DELIVERED,WEST
ORD_368D0C61,CUST_016C2E93,2024-03-08 03:34:32,DELIVERED,CENTRAL
ORD_01CC7015,CUST_831E0CEE,2022-01-27 16:23:27,DELIVERED,EAST
ORD_D329AA0E,CUST_1D222E94,2026-07-05 22:08:01,DELIVERED,WEST
ORD_28690FF3,CUST_F3702F9F,2024-04-28 10:25:59,CANCELLED,NORTH
ORD_9CCDE0E7,CUST_E6EC00A7,2022-11-03 01:31:51,DELIVERED,NORTH
ORD_37A06915,CUST_2F307813,2024-12-30 22:36:21,PLACED,EAST
ORD_73468103,CUST_2C181875,2026-02-28 14:01:58,DELIVERED,SOUTH
ORD_84999B20,CUST_3016BECA,2024-04-22 01:36:59,CANCELLED,WEST
ORD_A10183DC,CUST_3EB57D07,2026-01-18 10:29:42,DELIVERED,SOUTH
ORD_6C0950C8,CUST_F97AA168,2025-08-20 06:51:59,DELIVERED,CENTRAL
ORD_1C7D74C7,CUST_E5E14E38,2023-10-17 17:32:39,PLACED,SOUTH
ORD_3A2F1CD8,CUST_2151CD76,2024-07-13 14:49:47,DELIVERED,NORTH
ORD_A149F394,CUST_9C5CE024,2022-04-18 07:19:32,DELIVERED,EAST
ORD_D4DC5872,CUST_15DFECB5,2022-03-02 10:38:34,DELIVERED,CENTRAL
ORD_4239D6E1,CUST_C8669FBF,2024-04-05 20:27:47,DELIVERED,EAST
ORD_D5826B20,CUST_979EF289,2025-02-26 20:00:02,DELIVERED,SOUTH
ORD_C4AC9785,UNKNOWN,2023-06-21 11:23:28,DELIVERED,CENTRAL
ORD_36C3B2B3,CUST_5A0C7428,2022-12-14 10:01:31,DELIVERED,CENTRAL
ORD_61BA50DC,CUST_A0FF5B2C,2026-03-17 12:43:23,DELIVERED,CENTRAL
ORD_FEDEC913,CUST_E093A414,2022-10-17 07:57:11,SHIPPED,EAST
ORD_63243E05,CUST_8EEF9E7E,2024-01-19 17:43:56,RETURNED,SOUTH
ORD_02331FA3,CUST_3EC0E3A5,2025-05-22 15:32:03,DELIVERED,NORTH
ORD_C7E3E069,CUST_48549A02,2025-03-23 13:17:05,DELIVERED,CENTRAL
ORD_7F131E15,UNKNOWN,2026-05-04 07:47:42,DELIVERED,CENTRAL
ORD_2A2748FD,CUST_35926AEE,2022-09-12 11:11:22,DELIVERED,WEST
ORD_34F78158,CUST_33AB4A22,2024-02-16 04:28:28,CANCELLED,WEST
ORD_EA96B564,CUST_5CFFF81D,2025-02-26 14:44:15,DELIVERED,SOUTH
ORD_C6D79E7A,CUST_81F2D2F5,2025-07-29 12:53:10,CANCELLED,EAST
ORD_14B311ED,CUST_503CF1CE,2022-04-12 17:12:30,PLACED,NORTH
ORD_80757357,CUST_85F2FDD8,2022-04-19 19:13:59,DELIVERED,SOUTH
ORD_B56C1142,CUST_D53D8E1B,2026-01-12 23:52:55,DELIVERED,EAST
ORD_9684CF8A,CUST_BB04D61D,2025-09-18 12:55:01,CANCELLED,EAST
ORD_626CD81F,CUST_336422CB,2026-04-16 23:40:43,CANCELLED,EAST
ORD_B7CD62C9,CUST_8D59408D,2022-03-13 01:12:04,DELIVERED,EAST
ORD_2D90D43E,CUST_F1D399ED,2025-12-19 08:56:31,SHIPPED,EAST
ORD_1B297993,CUST_707EB30C,2023-04-28 03:07:08,DELIVERED,EAST
ORD_192DAC37,CUST_6DAAAE3C,2026-05-25 21:18:49,DELIVERED,SOUTH
ORD_A3CF7E3E,CUST_1BF1FEB0,2025-04-13 06:59:16,DELIVERED,WEST
ORD_FC5B573B,CUST_0F0D0F05,2026-07-19 19:52:36,PLACED,WEST
ORD_5AE2BF11,CUST_FD650B5B,2025-06-15 07:00:01,CANCELLED,WEST
ORD_76E813EC,CUST_6AF9E4D6,2025-05-12 14:49:47,DELIVERED,WEST
ORD_ED024FD6,CUST_89C57F8C,2023-06-23 18:37:31,DELIVERED,EAST
ORD_2437F81D,CUST_38E389FD,2024-07-24 22:14:48,DELIVERED,SOUTH
ORD_5CCE7182,CUST_29B937E9,2022-04-14 03:21:43,SHIPPED,NORTH
ORD_5C6F906B,CUST_BDC4013D,2024-11-07 05:48:01,DELIVERED,CENTRAL
ORD_09743F85,CUST_737EF73E,2024-07-01 08:13:06,RETURNED,EAST
ORD_E3AA4A41,CUST_DC7B6D6E,2026-03-13 08:37:59,RETURNED,SOUTH
ORD_27BABB84,CUST_54A606DF,2025-10-01 15:20:11,DELIVERED,SOUTH
ORD_304130FA,CUST_C01C1018,2025-05-07 10:01:23,DELIVERED,SOUTH
ORD_0B439517,CUST_1A7A5430,2026-06-29 13:51:39,PLACED,NORTH
ORD_6779E327,CUST_2F14C002,2025-09-08 03:55:36,DELIVERED,SOUTH
ORD_FB95FDCF,CUST_78A2C7D9,2025-01-13 17:38:07,RETURNED,EAST
ORD_483962BA,CUST_AB959D21,2024-03-23 08:42:04,DELIVERED,SOUTH
ORD_294FE9F4,CUST_F72D3C9D,2022-05-25 10:12:32,DELIVERED,CENTRAL
ORD_2FACA51A,CUST_64CD0F30,2024-09-27 01:46:32,DELIVERED,WEST
ORD_221B5176,CUST_803D96E1,2026-06-06 11:39:52,CANCELLED,SOUTH
ORD_3170DCCF,CUST_5AE93024,2023-10-10 23:44:51,DELIVERED,NORTH
ORD_BC659793,CUST_EBBCCB8B,2026-02-10 19:44:12,DELIVERED,CENTRAL
ORD_3B68A5D5,CUST_75B34132,2026-01-28 01:48:09,SHIPPED,EAST
ORD_CCB5A483,CUST_64120ADE,2023-02-01 22:53:37,DELIVERED,NORTH
ORD_88C83331,CUST_D5770563,2025-10-07 02:59:39,CANCELLED,WEST
ORD_BD1DC589,CUST_897EEE15,2024-07-07 08:01:57,DELIVERED,WEST
ORD_778F1831,CUST_7F1ECAE9,2024-09-04 23:39:04,SHIPPED,EAST
ORD_95E2B02E,CUST_A059B126,2022-06-15 08:18:40,PLACED,NORTH
ORD_56E7512A,CUST_0208A400,2024-04-01 03:57:44,DELIVERED,CENTRAL
ORD_6D1F69AA,CUST_D779F286,2026-04-03 16:19:56,RETURNED,WEST
ORD_F279179F,CUST_90D5A05D,2022-10-17 07:47:51,RETURNED,WEST
ORD_CB4C7FCD,CUST_0208A400,2026-02-08 04:07:03,DELIVERED,EAST
ORD_8B8B6B12,CUST_681886CF,2024-02-23 05:31:04,DELIVERED,SOUTH
ORD_9FBF2DAD,CUST_BE147627,2024-10-07 14:14:18,PLACED,SOUTH
ORD_BC12210E,CUST_D65A1168,2025-04-04 03:08:50,CANCELLED,SOUTH
ORD_75E38631,CUST_663A81B3,2026-06-03 07:08:59,DELIVERED,CENTRAL
ORD_FD43A637,CUST_7D3486CB,2023-12-12 22:26:18,SHIPPED,EAST
ORD_FF367430,CUST_5AA4EB8D,2024-08-27 20:17:45,DELIVERED,WEST
ORD_2A75EA11,CUST_F4112C43,2022-01-22 16:56:25,DELIVERED,SOUTH
ORD_A7FF9EFE,CUST_2EF311CD,2022-02-04 11:39:38,SHIPPED,EAST
ORD_16D11948,CUST_BC2B4BEF,2026-02-03 20:19:01,DELIVERED,NORTH
ORD_A2306F1C,CUST_F11E8723,2023-10-25 10:04:54,DELIVERED,EAST
ORD_4727FCD0,CUST_D8AF6EAE,2025-06-18 19:59:43,RETURNED,CENTRAL
ORD_1AA5DBB7,CUST_1D119C7D,2022-10-22 21:29:26,DELIVERED,EAST
ORD_638D43A4,CUST_F3CCBE9B,2022-11-12 22:09:19,DELIVERED,NORTH
ORD_F270C66D,CUST_9BABF471,2026-06-16 19:27:31,DELIVERED,WEST
ORD_C2E970D8,CUST_6A0274A8,2025-05-22 05:21:13,DELIVERED,WEST
ORD_0BE4B03E,CUST_C70B1228,2022-08-30 08:04:55,DELIVERED,EAST
ORD_AAB72037,CUST_11F12AD2,2025-09-29 15:25:27,DELIVERED,SOUTH
ORD_9A794545,CUST_C9946882,2022-10-26 12:45:56,DELIVERED,SOUTH
ORD_8E44AD2B,CUST_BF2DC93D,2025-12-06 13:26:59,RETURNED,SOUTH
ORD_BD1CA7D3,CUST_AAB35241,2025-12-29 06:32:05,DELIVERED,SOUTH
ORD_E3872582,CUST_FA4495AF,2024-09-25 18:59:30,RETURNED,CENTRAL
ORD_084C4922,CUST_F096EA9D,2025-08-18 00:19:14,DELIVERED,WEST
ORD_C954EF49,CUST_29B937E9,2023-03-13 13:04:22,PLACED,EAST
ORD_25BD43A3,CUST_E9135738,2024-04-18 21:39:32,RETURNED,EAST
ORD_5F30F68A,UNKNOWN,2025-10-13 14:17:18,DELIVERED,CENTRAL
ORD_83D7FC19,CUST_EA78BCB4,2024-12-01 13:13:57,CANCELLED,SOUTH
ORD_6DD81E37,CUST_72E8A8E1,2022-11-20 18:49:20,DELIVERED,CENTRAL
ORD_1E72C553,CUST_765DE9A1,2022-10-21 23:05:37,DELIVERED,NORTH
ORD_0DD41888,CUST_50731C05,2026-02-11 15:28:41,DELIVERED,EAST
ORD_DB8474EC,CUST_7EA379D5,2023-05-21 23:00:47,CANCELLED,CENTRAL
ORD_A90BC8F4,UNKNOWN,2024-07-17 23:32:32,PLACED,NORTH
ORD_C70F49E8,CUST_3309BC09,2025-02-14 14:11:16,CANCELLED,NORTH
ORD_BDBDF7BA,CUST_6BDE2AE8,2022-08-27 22:22:16,DELIVERED,EAST
ORD_C2E3942E,CUST_3A68D96D,2025-01-06 13:45:08,DELIVERED,EAST
ORD_4902ABBF,CUST_F3702F9F,2025-01-17 21:00:47,DELIVERED,NORTH
ORD_495D4358,CUST_36636C47,2022-09-01 18:10:22,DELIVERED,SOUTH
ORD_BDE71C21,CUST_FCE03813,2022-06-07 09:28:07,DELIVERED,EAST
ORD_787B768C,CUST_E357F7BF,2023-06-26 21:21:05,DELIVERED,NORTH
ORD_9E7D9A5C,CUST_918C6EF7,2024-11-03 16:18:50,DELIVERED,SOUTH
ORD_A597AE4C,CUST_0FD1C38E,2024-01-21 13:33:25,DELIVERED,SOUTH
ORD_A632B5F9,CUST_6CF6FD7E,2024-05-10 22:19:29,RETURNED,CENTRAL
ORD_C9CB93EC,CUST_64120ADE,2024-06-25 23:27:40,DELIVERED,WEST
ORD_C4BB36B6,CUST_CB38E718,2022-09-02 00:44:43,SHIPPED,EAST
ORD_FE38C199,CUST_22D91BC9,2022-11-12 14:32:45,DELIVERED,NORTH
ORD_86BF00F5,CUST_825C72A2,2024-08-02 02:44:01,DELIVERED,NORTH
ORD_E9384805,UNKNOWN,2025-02-14 17:56:39,DELIVERED,SOUTH
ORD_D41DAB90,CUST_02CD5A2B,2024-06-28 07:57:17,DELIVERED,SOUTH
ORD_CE1D6316,CUST_96FE5212,2024-10-25 20:36:41,RETURNED,NORTH
ORD_F52EDC65,CUST_566634CB,2025-08-17 20:39:12,DELIVERED,SOUTH
ORD_8005114C,CUST_A610DC5F,2025-09-18 20:25:36,DELIVERED,NORTH
ORD_A46BE2B0,CUST_8F04CA95,2024-07-14 09:04:44,DELIVERED,EAST
ORD_4F9097B8,CUST_F6F66A2B,2026-04-01 09:54:37,SHIPPED,SOUTH
ORD_017D8213,UNKNOWN,2022-09-07 23:55:11,SHIPPED,CENTRAL
ORD_51191398,CUST_5AB87342,2022-03-05 13:01:54,DELIVERED,NORTH
ORD_9621CFED,CUST_4E490760,2024-08-12 22:39:28,DELIVERED,CENTRAL
ORD_BA74BEE4,CUST_6B2C5AE4,2023-11-10 15:27:24,DELIVERED,CENTRAL
ORD_2BFED78B,CUST_CD35EE00,2023-11-16 03:03:46,RETURNED,WEST
ORD_C76B0EEC,UNKNOWN,2023-09-20 18:28:32,PLACED,CENTRAL
ORD_E690CFD8,CUST_C31D1906,2025-03-17 08:42:17,DELIVERED,WEST
ORD_78B25559,CUST_AB959D21,2023-06-07 02:08:58,DELIVERED,SOUTH
ORD_2A46BB02,CUST_B49F7988,2022-01-12 10:45:03,DELIVERED,WEST
ORD_0C18BB41,CUST_13E7CC0B,2025-01-16 23:43:41,DELIVERED,EAST
ORD_6C84C8E4,CUST_1611A682,2024-03-03 01:17:37,DELIVERED,CENTRAL
ORD_145AC6F1,CUST_AFDCEDC5,2024-12-20 16:39:55,PLACED,EAST
ORD_C99FC968,CUST_B41C4A7D,2026-07-17 14:56:50,SHIPPED,WEST
ORD_A8F8AB80,CUST_5287AF0D,2022-12-27 19:27:07,DELIVERED,CENTRAL
ORD_E3A1F642,CUST_CD35EE00,2023-03-20 03:57:31,DELIVERED,EAST
ORD_E18C0EBE,CUST_1A7A5430,2025-11-24 06:34:27,SHIPPED,NORTH
ORD_82D8BB6F,CUST_4C239FC7,2024-07-15 05:44:25,DELIVERED,CENTRAL
ORD_5ADD188E,CUST_A0FF5B2C,2022-03-06 09:56:39,RETURNED,EAST
ORD_036F2F71,CUST_122F6638,2022-05-08 01:42:35,DELIVERED,NORTH
ORD_127DA4AF,CUST_2FE80990,2022-10-03 10:46:27,DELIVERED,NORTH
ORD_C3BD4022,CUST_349B902E,2025-06-25 21:18:03,PLACED,CENTRAL
ORD_2EBB0685,CUST_CED7B179,2023-05-17 07:26:57,DELIVERED,SOUTH
ORD_0A2285A1,CUST_1D71A217,2025-10-01 16:19:46,DELIVERED,SOUTH
ORD_BD29047C,CUST_F3CB61EF,2024-01-31 15:47:03,DELIVERED,EAST
ORD_EE993759,CUST_139F7AD6,2026-02-25 13:04:05,DELIVERED,EAST
ORD_C76FFD1D,CUST_098699D5,2026-06-27 05:25:01,DELIVERED,WEST
ORD_A38231FD,CUST_8F0C109D,2024-09-03 22:49:16,DELIVERED,WEST
ORD_1AF4E92D,CUST_55E99223,2022-03-20 14:43:25,PLACED,NORTH
ORD_0161CFAC,CUST_DE2B30F1,2026-03-23 15:47:59,DELIVERED,EAST
ORD_A703FD1B,CUST_7AD06CE8,2025-10-15 10:54:03,DELIVERED,WEST
ORD_C21C94F9,CUST_402B1092,2023-12-31 13:06:47,DELIVERED,CENTRAL
ORD_1D83C0A1,CUST_9958165D,2023-05-15 07:40:04,DELIVERED,NORTH
ORD_202A42D5,CUST_6A12FCE1,2024-07-01 15:11:02,SHIPPED,NORTH
ORD_B1E4DA2C,CUST_59FF3297,2022-08-18 19:01:50,RETURNED,NORTH
ORD_143D0497,CUST_49120DD3,2022-02-01 03:55:06,DELIVERED,WEST
ORD_8ABE4CFA,CUST_04272FC3,2024-09-11 02:10:23,PLACED,EAST
ORD_ED07BED7,CUST_15F5C4D6,2023-10-04 15:32:04,SHIPPED,EAST
ORD_8D739757,CUST_9BAA8A02,2023-12-09 03:50:22,DELIVERED,CENTRAL
ORD_9B7765DD,CUST_94E401E4,2026-07-02 02:42:05,SHIPPED,NORTH
ORD_ACCB92BD,CUST_92CD4187,2026-01-02 18:52:35,DELIVERED,WEST
ORD_772F04B2,UNKNOWN,2022-07-11 12:33:30,CANCELLED,NORTH
ORD_726BDD8B,CUST_D1D27CA8,2022-07-08 13:37:05,DELIVERED,WEST
ORD_B3806108,CUST_76266D92,2025-10-20 00:41:19,PLACED,SOUTH
ORD_279B3A2D,CUST_C3573300,2022-01-08 00:19:43,DELIVERED,SOUTH
ORD_06BA7405,CUST_D779F286,2026-01-04 13:41:30,DELIVERED,CENTRAL
ORD_673534E5,CUST_675894B0,2022-08-18 23:03:01,SHIPPED,EAST
ORD_C4EE8C1D,CUST_13E7CC0B,2022-07-27 17:02:50,DELIVERED,CENTRAL
ORD_498709B6,CUST_BD44CB01,2023-08-31 15:46:41,DELIVERED,WEST
ORD_6F2B938D,CUST_8132AD59,2024-04-12 11:21:43,DELIVERED,EAST
ORD_7468526C,UNKNOWN,2022-03-06 21:58:15,RETURNED,SOUTH
ORD_455E789C,CUST_9C5CE024,2024-02-24 07:07:09,DELIVERED,EAST
ORD_752EA660,CUST_8B12BE00,2024-12-03 07:33:17,DELIVERED,SOUTH
ORD_5B5CB2E7,CUST_AF15871B,2023-05-09 04:14:20,DELIVERED,SOUTH
ORD_F3F618A3,CUST_AAE1CAD1,2025-05-25 00:42:07,DELIVERED,WEST
ORD_160DF7DD,CUST_8087F210,2024-08-27 17:50:49,DELIVERED,CENTRAL
ORD_D2F8BEAB,CUST_A5AB57C6,2025-02-01 19:23:50,DELIVERED,CENTRAL
ORD_F71F8B95,CUST_21FD7C3E,2023-07-28 18:13:25,DELIVERED,EAST
ORD_475B545C,CUST_575735F6,2023-02-21 07:34:13,DELIVERED,NORTH
ORD_76479060,CUST_20C72BD8,2023-11-14 01:20:54,RETURNED,CENTRAL
ORD_A306D7C3,CUST_CED7B179,2025-07-27 04:23:14,SHIPPED,CENTRAL
ORD_B7F886F0,CUST_BB975889,2023-02-13 17:42:36,DELIVERED,NORTH
ORD_301650E5,CUST_13E7CC0B,2023-07-08 23:22:23,DELIVERED,CENTRAL
ORD_C3F8EAC1,CUST_C83A6215,2025-06-06 04:08:08,DELIVERED,SOUTH
ORD_6E349B3E,CUST_93F56B23,2023-05-06 15:15:38,CANCELLED,CENTRAL
ORD_1B478293,CUST_C83A6215,2026-04-16 10:14:59,CANCELLED,NORTH
ORD_96402F4D,CUST_81AB031E,2023-05-02 20:01:46,DELIVERED,EAST
ORD_DE7A2542,CUST_3798296D,2022-01-23 15:40:27,DELIVERED,CENTRAL
ORD_04C21A3A,CUST_AE595958,2025-11-19 04:02:03,RETURNED,WEST
ORD_554FB816,CUST_EBBCCB8B,2022-05-09 13:22:39,DELIVERED,NORTH
ORD_28D5AE0A,UNKNOWN,2023-04-30 21:54:03,DELIVERED,WEST
ORD_3F3764FC,CUST_AD09E76E,2023-05-11 10:46:02,DELIVERED,WEST
ORD_64C3F147,CUST_575735F6,2025-04-05 09:55:15,DELIVERED,EAST
ORD_86760986,CUST_35926AEE,2022-04-16 21:09:41,DELIVERED,SOUTH
ORD_34A5F057,CUST_736A5770,2023-08-11 17:45:57,DELIVERED,SOUTH
ORD_24F79612,CUST_C99C8F3D,2023-04-08 21:42:34,DELIVERED,NORTH
ORD_4DE27EBD,CUST_66D2DE54,2022-02-09 13:24:40,PLACED,NORTH
ORD_C7133083,CUST_675894B0,2024-07-23 10:52:43,PLACED,CENTRAL
ORD_6298FB20,CUST_AE595958,2023-03-28 04:08:45,PLACED,WEST
ORD_D4F7BD6D,CUST_F880D4AA,2022-12-24 15:50:17,SHIPPED,WEST
ORD_EE6F1263,CUST_46631B4B,2023-02-12 05:07:30,DELIVERED,EAST
ORD_2DEE5CB3,CUST_E093A414,2024-04-10 04:38:35,CANCELLED,NORTH
ORD_8A0B9769,UNKNOWN,2022-09-11 16:22:54,DELIVERED,NORTH
ORD_DD59B19E,CUST_675894B0,2023-09-06 07:45:25,CANCELLED,CENTRAL
ORD_F02BC5AD,CUST_FBE58FAD,2026-03-17 21:28:30,DELIVERED,SOUTH
ORD_14974EFB,CUST_B8E90EF4,2023-10-07 17:19:14,SHIPPED,EAST
ORD_AD49B366,CUST_C4C99A3C,2024-04-29 19:34:51,DELIVERED,NORTH
ORD_544FF86C,CUST_EFEB5B03,2022-03-31 01:21:31,DELIVERED,EAST
ORD_FB0455D8,CUST_87D77D97,2025-02-28 14:43:47,SHIPPED,SOUTH
ORD_49D559BF,CUST_7EA295C0,2022-11-28 11:15:47,DELIVERED,CENTRAL
ORD_E5A6FF19,CUST_14FB9AC9,2026-03-22 07:42:29,DELIVERED,NORTH
ORD_7FDF5AC1,CUST_E279CA2B,2024-09-19 13:57:57,DELIVERED,EAST
ORD_20BE3FA0,CUST_0208A400,2025-05-24 13:22:43,SHIPPED,CENTRAL
ORD_9A599081,CUST_A4691496,2026-05-31 23:19:17,DELIVERED,WEST
ORD_3D0831D1,CUST_C384C123,2023-11-01 05:17:49,DELIVERED,EAST
ORD_125C3AB8,CUST_92CD4187,2025-11-18 11:55:05,SHIPPED,NORTH
ORD_EB37BBFC,CUST_7ACE0DBA,2025-08-30 21:04:23,SHIPPED,SOUTH
ORD_BACD3235,CUST_24B4BB25,2026-04-03 09:18:17,DELIVERED,NORTH
ORD_9D689AAF,CUST_18EEDBB4,2026-08-05 07:42:24,PLACED,NORTH
ORD_769082D0,CUST_E18236AB,2026-07-28 00:28:12,CANCELLED,NORTH
ORD_B136F655,CUST_8BF30EEA,2025-01-09 23:47:51,PLACED,SOUTH
ORD_BD75F5BC,CUST_501B3E1E,2025-04-29 04:53:57,DELIVERED,EAST
ORD_09B40EBE,CUST_A2235E63,2025-02-21 00:30:52,RETURNED,NORTH
ORD_FEF7F9AD,CUST_EF5AFB4C,2025-01-08 13:48:21,DELIVERED,WEST
